日時,レジーム,戦略,現金(円),評価額(円),総資産(円),損益(円),損益率(%),建玉率(%)
2026-08-05 08:17:50,弱気,ドンチャン55/20,1000000,0,1000000,0,0.00,0.0
2026-08-05 11:19:15,弱気,ドンチャン55/20,1000000,0,1000000,0,0.00,0.0
2026-08-05 12:26:59,弱気,ドンチャン55/20,1000000,0,1000000,0,0.00,0.0
2026-08-05 13:53:19,弱気,ドンチャン55/20,1000000,0,1000000,0,0.00,0.0
2026-08-05 13:59:21,弱気,ドンチャン55/20,1000000,0,1000000,0,0.00,0.0
2026-08-05 14:31:08,弱気,ドンチャン55/20,1000000,0,1000000,0,0.00,0.0
2026-08-05 15:01:16,弱気,ドンチャン55/20,1000000,0,1000000,0,0.00,0.0
2026-08-05 15:31:06,弱気,ドンチャン55/20,1000000,0,1000000,0,0.00,0.0
2026-08-05 15:47:19,弱気,ドンチャン55/20,1000000,0,1000000,0,0.00,0.0
2026-08-05 16:01:18,弱気,ドンチャン55/20,1000000,0,1000000,0,0.00,0.0
2026-08-05 16:31:07,弱気,ドンチャン55/20,1000000,0,1000000,0,0.00,0.0
2026-08-05 17:01:18,弱気,ドンチャン55/20,1000000,0,1000000,0,0.00,0.0
2026-08-05 17:31:02,弱気,ドンチャン55/20,1000000,0,1000000,0,0.00,0.0
2026-08-05 18:01:17,弱気,ドンチャン55/20,1000000,0,1000000,0,0.00,0.0
2026-08-05 18:28:27,弱気,ドンチャン55/20,1000000,0,1000000,0,0.00,0.0
2026-08-05 18:31:10,弱気,ドンチャン55/20,1000000,0,1000000,0,0.00,0.0
2026-08-05 19:01:20,弱気,ドンチャン55/20,1000000,0,1000000,0,0.00,0.0
2026-08-05 19:31:15,弱気,ドンチャン55/20,1000000,0,1000000,0,0.00,0.0
2026-08-05 20:01:17,弱気,ドンチャン55/20,1000000,0,1000000,0,0.00,0.0
2026-08-05 20:31:01,弱気,ドンチャン55/20,1000000,0,1000000,0,0.00,0.0
2026-08-05 20:46:13,弱気,ドンチャン55/20,1000000,0,1000000,0,0.00,0.0
2026-08-05 21:01:29,弱気,ドンチャン55/20,1000000,0,1000000,0,0.00,0.0
2026-08-05 21:31:05,弱気,ドンチャン55/20,1000000,0,1000000,0,0.00,0.0
2026-08-05 22:01:25,弱気,ドンチャン55/20,1000000,0,1000000,0,0.00,0.0
2026-08-05 22:25:47,弱気,ドンチャン55/20,1000000,0,1000000,0,0.00,0.0
2026-08-05 22:31:14,弱気,ドンチャン55/20,1000000,0,1000000,0,0.00,0.0
2026-08-05 23:01:18,弱気,ドンチャン55/20,1000000,0,1000000,0,0.00,0.0
2026-08-05 23:31:11,弱気,ドンチャン55/20,1000000,0,1000000,0,0.00,0.0
2026-08-06 00:01:29,弱気,ドンチャン55/20,1000000,0,1000000,0,0.00,0.0
2026-08-06 00:31:03,弱気,ドンチャン55/20,1000000,0,1000000,0,0.00,0.0
2026-08-06 00:51:04,弱気,ドンチャン55/20,1000000,0,1000000,0,0.00,0.0
2026-08-06 01:01:26,弱気,ドンチャン55/20,1000000,0,1000000,0,0.00,0.0
2026-08-06 01:31:07,弱気,ドンチャン55/20,1000000,0,1000000,0,0.00,0.0
2026-08-06 02:01:16,弱気,ドンチャン55/20,1000000,0,1000000,0,0.00,0.0
2026-08-06 02:31:02,弱気,ドンチャン55/20,1000000,0,1000000,0,0.00,0.0
2026-08-06 02:54:46,弱気,ドンチャン55/20,1000000,0,1000000,0,0.00,0.0
2026-08-06 03:01:17,弱気,ドンチャン55/20,1000000,0,1000000,0,0.00,0.0
2026-08-06 03:31:06,弱気,ドンチャン55/20,1000000,0,1000000,0,0.00,0.0
2026-08-06 04:01:20,弱気,ドンチャン55/20,1000000,0,1000000,0,0.00,0.0
2026-08-06 04:31:08,弱気,ドンチャン55/20,1000000,0,1000000,0,0.00,0.0
2026-08-06 04:56:17,弱気,ドンチャン55/20,1000000,0,1000000,0,0.00,0.0
2026-08-06 05:01:16,弱気,ドンチャン55/20,1000000,0,1000000,0,0.00,0.0
2026-08-06 05:31:10,弱気,ドンチャン55/20,1000000,0,1000000,0,0.00,0.0
2026-08-06 06:01:17,弱気,ドンチャン55/20,1000000,0,1000000,0,0.00,0.0
2026-08-06 06:31:00,弱気,ドンチャン55/20,1000000,0,1000000,0,0.00,0.0
2026-08-06 06:33:54,弱気,ドンチャン55/20,1000000,0,1000000,0,0.00,0.0
2026-08-06 07:01:19,弱気,ドンチャン55/20,1000000,0,1000000,0,0.00,0.0
2026-08-06 07:31:01,弱気,ドンチャン55/20,1000000,0,1000000,0,0.00,0.0
2026-08-06 07:43:44,弱気,ドンチャン55/20,1000000,0,1000000,0,0.00,0.0
2026-08-06 08:01:11,弱気,ドンチャン55/20,1000000,0,1000000,0,0.00,0.0
2026-08-06 08:31:02,弱気,ドンチャン55/20,1000000,0,1000000,0,0.00,0.0
2026-08-06 08:41:01,弱気,ドンチャン55/20,1000000,0,1000000,0,0.00,0.0
2026-08-06 09:01:23,弱気,ドンチャン55/20,1000000,0,1000000,0,0.00,0.0
2026-08-06 09:31:07,弱気,ドンチャン55/20,1000000,0,1000000,0,0.00,0.0
2026-08-06 10:01:19,弱気,ドンチャン55/20,1000000,0,1000000,0,0.00,0.0
2026-08-06 10:07:00,弱気,ドンチャン55/20,1000000,0,1000000,0,0.00,0.0
2026-08-06 10:31:04,弱気,ドンチャン55/20,1000000,0,1000000,0,0.00,0.0
2026-08-06 11:01:25,弱気,ドンチャン55/20,1000000,0,1000000,0,0.00,0.0
2026-08-06 11:31:02,弱気,ドンチャン55/20,1000000,0,1000000,0,0.00,0.0
2026-08-06 12:01:15,弱気,ドンチャン55/20,1000000,0,1000000,0,0.00,0.0
2026-08-06 12:31:07,弱気,ドンチャン55/20,1000000,0,1000000,0,0.00,0.0
2026-08-06 13:01:17,弱気,ドンチャン55/20,1000000,0,1000000,0,0.00,0.0
2026-08-06 13:31:13,弱気,ドンチャン55/20,1000000,0,1000000,0,0.00,0.0
2026-08-06 13:31:39,弱気,ドンチャン55/20,1000000,0,1000000,0,0.00,0.0
2026-08-06 14:01:24,弱気,ドンチャン55/20,1000000,0,1000000,0,0.00,0.0
2026-08-06 14:31:01,弱気,ドンチャン55/20,1000000,0,1000000,0,0.00,0.0
2026-08-06 15:01:16,弱気,ドンチャン55/20,1000000,0,1000000,0,0.00,0.0
2026-08-06 15:31:01,弱気,ドンチャン55/20,1000000,0,1000000,0,0.00,0.0
2026-08-06 16:01:23,弱気,ドンチャン55/20,1000000,0,1000000,0,0.00,0.0
2026-08-06 16:26:52,弱気,ドンチャン55/20,1000000,0,1000000,0,0.00,0.0
2026-08-06 16:31:10,弱気,ドンチャン55/20,1000000,0,1000000,0,0.00,0.0
2026-08-06 17:01:16,弱気,ドンチャン55/20,1000000,0,1000000,0,0.00,0.0
2026-08-06 17:31:03,弱気,ドンチャン55/20,1000000,0,1000000,0,0.00,0.0
2026-08-06 18:01:18,弱気,ドンチャン55/20,1000000,0,1000000,0,0.00,0.0
2026-08-06 18:31:11,弱気,ドンチャン55/20,1000000,0,1000000,0,0.00,0.0
2026-08-06 19:01:17,弱気,ドンチャン55/20,1000000,0,1000000,0,0.00,0.0
2026-08-06 19:18:11,弱気,ドンチャン55/20,1000000,0,1000000,0,0.00,0.0
2026-08-06 19:31:10,弱気,ドンチャン55/20,1000000,0,1000000,0,0.00,0.0
2026-08-06 20:01:23,弱気,ドンチャン55/20,1000000,0,1000000,0,0.00,0.0
2026-08-06 20:31:07,弱気,ドンチャン55/20,1000000,0,1000000,0,0.00,0.0
2026-08-06 21:01:20,弱気,ドンチャン55/20,1000000,0,1000000,0,0.00,0.0
2026-08-06 21:30:28,弱気,ドンチャン55/20,1000000,0,1000000,0,0.00,0.0
2026-08-06 21:31:15,弱気,ドンチャン55/20,1000000,0,1000000,0,0.00,0.0
2026-08-06 22:01:18,弱気,ドンチャン55/20,1000000,0,1000000,0,0.00,0.0
2026-08-06 22:31:10,弱気,ドンチャン55/20,1000000,0,1000000,0,0.00,0.0
2026-08-06 23:01:23,弱気,ドンチャン55/20,1000000,0,1000000,0,0.00,0.0
2026-08-06 23:31:04,弱気,ドンチャン55/20,1000000,0,1000000,0,0.00,0.0
2026-08-07 00:00:58,弱気,ドンチャン55/20,1000000,0,1000000,0,0.00,0.0
2026-08-07 00:01:34,弱気,ドンチャン55/20,1000000,0,1000000,0,0.00,0.0
2026-08-07 00:31:10,弱気,ドンチャン55/20,1000000,0,1000000,0,0.00,0.0
2026-08-07 02:17:06,弱気,ドンチャン55/20,1000000,0,1000000,0,0.00,0.0
2026-08-07 07:01:21,弱気,ドンチャン55/20,1000000,0,1000000,0,0.00,0.0
2026-08-07 07:31:01,弱気,ドンチャン55/20,1000000,0,1000000,0,0.00,0.0
2026-08-07 08:01:25,弱気,ドンチャン55/20,1000000,0,1000000,0,0.00,0.0
2026-08-07 08:31:09,弱気,ドンチャン55/20,1000000,0,1000000,0,0.00,0.0
2026-08-07 09:01:17,弱気,ドンチャン55/20,1000000,0,1000000,0,0.00,0.0
2026-08-07 09:31:11,弱気,ドンチャン55/20,1000000,0,1000000,0,0.00,0.0
2026-08-07 09:31:54,弱気,ドンチャン55/20,1000000,0,1000000,0,0.00,0.0
2026-08-07 10:01:28,弱気,ドンチャン55/20,1000000,0,1000000,0,0.00,0.0
2026-08-07 10:31:03,弱気,ドンチャン55/20,1000000,0,1000000,0,0.00,0.0
2026-08-07 11:01:29,弱気,ドンチャン55/20,1000000,0,1000000,0,0.00,0.0
2026-08-07 11:31:02,弱気,ドンチャン55/20,1000000,0,1000000,0,0.00,0.0
2026-08-07 12:01:19,弱気,ドンチャン55/20,1000000,0,1000000,0,0.00,0.0
2026-08-07 12:31:00,弱気,ドンチャン55/20,1000000,0,1000000,0,0.00,0.0
2026-08-07 12:39:59,弱気,ドンチャン55/20,1000000,0,1000000,0,0.00,0.0
2026-08-07 13:01:18,弱気,ドンチャン55/20,1000000,0,1000000,0,0.00,0.0
2026-08-07 13:31:03,弱気,ドンチャン55/20,1000000,0,1000000,0,0.00,0.0
2026-08-07 14:01:16,弱気,ドンチャン55/20,1000000,0,1000000,0,0.00,0.0
2026-08-07 14:24:35,弱気,ドンチャン55/20,1000000,0,1000000,0,0.00,0.0
2026-08-07 14:30:58,弱気,ドンチャン55/20,1000000,0,1000000,0,0.00,0.0
2026-08-07 15:01:21,弱気,ドンチャン55/20,1000000,0,1000000,0,0.00,0.0
2026-08-07 15:30:58,弱気,ドンチャン55/20,1000000,0,1000000,0,0.00,0.0
2026-08-07 15:54:14,弱気,ドンチャン55/20,1000000,0,1000000,0,0.00,0.0
2026-08-07 16:01:20,弱気,ドンチャン55/20,1000000,0,1000000,0,0.00,0.0
2026-08-07 16:30:59,弱気,ドンチャン55/20,1000000,0,1000000,0,0.00,0.0
2026-08-07 17:01:23,弱気,ドンチャン55/20,1000000,0,1000000,0,0.00,0.0
2026-08-07 17:31:06,弱気,ドンチャン55/20,1000000,0,1000000,0,0.00,0.0
2026-08-07 17:31:57,弱気,ドンチャン55/20,1000000,0,1000000,0,0.00,0.0
2026-08-07 18:01:23,弱気,ドンチャン55/20,1000000,0,1000000,0,0.00,0.0
2026-08-07 18:30:59,弱気,ドンチャン55/20,1000000,0,1000000,0,0.00,0.0
2026-08-07 18:42:52,弱気,ドンチャン55/20,1000000,0,1000000,0,0.00,0.0
2026-08-07 19:01:17,弱気,ドンチャン55/20,1000000,0,1000000,0,0.00,0.0
2026-08-07 19:31:12,弱気,ドンチャン55/20,1000000,0,1000000,0,0.00,0.0
2026-08-07 19:35:52,弱気,ドンチャン55/20,1000000,0,1000000,0,0.00,0.0
2026-08-07 20:01:25,弱気,ドンチャン55/20,1000000,0,1000000,0,0.00,0.0
2026-08-07 20:31:01,弱気,ドンチャン55/20,1000000,0,1000000,0,0.00,0.0
2026-08-07 20:32:58,弱気,ドンチャン55/20,1000000,0,1000000,0,0.00,0.0
2026-08-07 21:01:29,弱気,ドンチャン55/20,1000000,0,1000000,0,0.00,0.0
2026-08-07 21:29:12,弱気,ドンチャン55/20,1000000,0,1000000,0,0.00,0.0
2026-08-07 21:31:04,弱気,ドンチャン55/20,1000000,0,1000000,0,0.00,0.0
2026-08-07 22:01:23,弱気,ドンチャン55/20,1000000,0,1000000,0,0.00,0.0
2026-08-07 22:31:04,弱気,ドンチャン55/20,1000000,0,1000000,0,0.00,0.0
2026-08-07 23:00:27,弱気,ドンチャン55/20,1000000,0,1000000,0,0.00,0.0
2026-08-07 23:01:21,弱気,ドンチャン55/20,1000000,0,1000000,0,0.00,0.0
2026-08-07 23:31:05,弱気,ドンチャン55/20,1000000,0,1000000,0,0.00,0.0
2026-08-08 00:01:19,弱気,ドンチャン55/20,1000000,0,1000000,0,0.00,0.0
2026-08-08 00:10:00,弱気,ドンチャン55/20,1000000,0,1000000,0,0.00,0.0
2026-08-08 00:31:12,弱気,ドンチャン55/20,1000000,0,1000000,0,0.00,0.0
2026-08-08 01:01:29,弱気,ドンチャン55/20,1000000,0,1000000,0,0.00,0.0
2026-08-08 01:09:37,弱気,ドンチャン55/20,1000000,0,1000000,0,0.00,0.0
2026-08-08 01:31:05,弱気,ドンチャン55/20,1000000,0,1000000,0,0.00,0.0
2026-08-08 02:01:22,弱気,ドンチャン55/20,1000000,0,1000000,0,0.00,0.0
2026-08-08 02:09:13,弱気,ドンチャン55/20,1000000,0,1000000,0,0.00,0.0
2026-08-08 02:31:14,弱気,ドンチャン55/20,1000000,0,1000000,0,0.00,0.0
2026-08-08 03:01:19,弱気,ドンチャン55/20,1000000,0,1000000,0,0.00,0.0
2026-08-08 03:03:16,弱気,ドンチャン55/20,1000000,0,1000000,0,0.00,0.0
2026-08-08 03:31:05,弱気,ドンチャン55/20,1000000,0,1000000,0,0.00,0.0
2026-08-08 04:01:13,弱気,ドンチャン55/20,1000000,0,1000000,0,0.00,0.0
2026-08-08 04:16:59,弱気,ドンチャン55/20,1000000,0,1000000,0,0.00,0.0
2026-08-08 04:31:17,弱気,ドンチャン55/20,1000000,0,1000000,0,0.00,0.0
2026-08-08 05:01:12,弱気,ドンチャン55/20,1000000,0,1000000,0,0.00,0.0
2026-08-08 05:02:54,弱気,ドンチャン55/20,1000000,0,1000000,0,0.00,0.0
2026-08-08 05:31:12,弱気,ドンチャン55/20,1000000,0,1000000,0,0.00,0.0
2026-08-08 06:00:06,弱気,ドンチャン55/20,1000000,0,1000000,0,0.00,0.0
2026-08-08 06:01:14,弱気,ドンチャン55/20,1000000,0,1000000,0,0.00,0.0
2026-08-08 06:31:04,弱気,ドンチャン55/20,1000000,0,1000000,0,0.00,0.0
2026-08-08 06:57:00,弱気,ドンチャン55/20,1000000,0,1000000,0,0.00,0.0
2026-08-08 07:01:23,弱気,ドンチャン55/20,1000000,0,1000000,0,0.00,0.0
2026-08-08 07:31:06,弱気,ドンチャン55/20,1000000,0,1000000,0,0.00,0.0
2026-08-08 07:56:15,弱気,ドンチャン55/20,1000000,0,1000000,0,0.00,0.0
2026-08-08 08:01:16,弱気,ドンチャン55/20,1000000,0,1000000,0,0.00,0.0
2026-08-08 08:31:08,弱気,ドンチャン55/20,1000000,0,1000000,0,0.00,0.0
2026-08-08 08:49:18,弱気,ドンチャン55/20,1000000,0,1000000,0,0.00,0.0
2026-08-08 09:31:04,弱気,ドンチャン55/20,1000000,0,1000000,0,0.00,0.0
2026-08-08 10:01:17,弱気,ドンチャン55/20,1000000,0,1000000,0,0.00,0.0
2026-08-08 10:31:06,弱気,ドンチャン55/20,1000000,0,1000000,0,0.00,0.0
2026-08-08 11:01:08,弱気,ドンチャン55/20,1000000,0,1000000,0,0.00,0.0
2026-08-08 11:22:45,弱気,ドンチャン55/20,1000000,0,1000000,0,0.00,0.0
2026-08-08 11:31:06,弱気,ドンチャン55/20,1000000,0,1000000,0,0.00,0.0
2026-08-08 12:01:19,弱気,ドンチャン55/20,1000000,0,1000000,0,0.00,0.0
2026-08-08 12:31:03,弱気,ドンチャン55/20,1000000,0,1000000,0,0.00,0.0
2026-08-08 12:58:29,弱気,ドンチャン55/20,1000000,0,1000000,0,0.00,0.0
2026-08-08 13:01:13,弱気,ドンチャン55/20,1000000,0,1000000,0,0.00,0.0
2026-08-08 13:31:08,弱気,ドンチャン55/20,1000000,0,1000000,0,0.00,0.0
2026-08-08 14:01:14,弱気,ドンチャン55/20,1000000,0,1000000,0,0.00,0.0
2026-08-08 14:10:20,弱気,ドンチャン55/20,1000000,0,1000000,0,0.00,0.0
2026-08-08 14:31:02,弱気,ドンチャン55/20,1000000,0,1000000,0,0.00,0.0
2026-08-08 14:57:32,弱気,ドンチャン55/20,1000000,0,1000000,0,0.00,0.0
2026-08-08 15:01:23,弱気,ドンチャン55/20,1000000,0,1000000,0,0.00,0.0
2026-08-08 15:31:07,弱気,ドンチャン55/20,1000000,0,1000000,0,0.00,0.0
2026-08-08 16:01:21,弱気,ドンチャン55/20,1000000,0,1000000,0,0.00,0.0
2026-08-08 16:17:09,弱気,ドンチャン55/20,1000000,0,1000000,0,0.00,0.0
2026-08-08 16:31:02,弱気,ドンチャン55/20,1000000,0,1000000,0,0.00,0.0
2026-08-08 17:01:10,弱気,ドンチャン55/20,1000000,0,1000000,0,0.00,0.0
2026-08-08 17:03:59,弱気,ドンチャン55/20,1000000,0,1000000,0,0.00,0.0
2026-08-08 17:31:03,弱気,ドンチャン55/20,1000000,0,1000000,0,0.00,0.0
2026-08-08 18:01:13,弱気,ドンチャン55/20,1000000,0,1000000,0,0.00,0.0
2026-08-08 18:01:58,弱気,ドンチャン55/20,1000000,0,1000000,0,0.00,0.0
2026-08-08 18:30:59,弱気,ドンチャン55/20,1000000,0,1000000,0,0.00,0.0
2026-08-08 18:55:20,弱気,ドンチャン55/20,1000000,0,1000000,0,0.00,0.0
2026-08-08 19:01:14,弱気,ドンチャン55/20,1000000,0,1000000,0,0.00,0.0
2026-08-08 19:31:00,弱気,ドンチャン55/20,1000000,0,1000000,0,0.00,0.0
2026-08-08 19:52:14,弱気,ドンチャン55/20,1000000,0,1000000,0,0.00,0.0
2026-08-08 20:01:16,弱気,ドンチャン55/20,1000000,0,1000000,0,0.00,0.0
2026-08-08 20:31:06,弱気,ドンチャン55/20,1000000,0,1000000,0,0.00,0.0
2026-08-08 20:44:47,弱気,ドンチャン55/20,1000000,0,1000000,0,0.00,0.0
2026-08-08 21:01:15,弱気,ドンチャン55/20,1000000,0,1000000,0,0.00,0.0
2026-08-08 21:15:54,弱気,ドンチャン55/20,1000000,0,1000000,0,0.00,0.0
2026-08-08 21:31:05,弱気,ドンチャン55/20,1000000,0,1000000,0,0.00,0.0
2026-08-08 22:01:17,弱気,ドンチャン55/20,1000000,0,1000000,0,0.00,0.0
2026-08-08 22:15:48,弱気,ドンチャン55/20,1000000,0,1000000,0,0.00,0.0
2026-08-08 22:31:03,弱気,ドンチャン55/20,1000000,0,1000000,0,0.00,0.0
2026-08-08 23:00:36,弱気,ドンチャン55/20,1000000,0,1000000,0,0.00,0.0
2026-08-08 23:01:10,弱気,ドンチャン55/20,1000000,0,1000000,0,0.00,0.0
2026-08-08 23:31:00,弱気,ドンチャン55/20,1000000,0,1000000,0,0.00,0.0
2026-08-08 23:50:23,弱気,ドンチャン55/20,1000000,0,1000000,0,0.00,0.0
2026-08-09 00:01:13,弱気,ドンチャン55/20,1000000,0,1000000,0,0.00,0.0
2026-08-09 00:31:02,弱気,ドンチャン55/20,1000000,0,1000000,0,0.00,0.0
2026-08-09 00:46:54,弱気,ドンチャン55/20,1000000,0,1000000,0,0.00,0.0
2026-08-09 01:01:19,弱気,ドンチャン55/20,1000000,0,1000000,0,0.00,0.0
2026-08-09 01:14:05,弱気,ドンチャン55/20,1000000,0,1000000,0,0.00,0.0
2026-08-09 01:31:04,弱気,ドンチャン55/20,1000000,0,1000000,0,0.00,0.0
2026-08-09 01:54:34,弱気,ドンチャン55/20,1000000,0,1000000,0,0.00,0.0
2026-08-09 02:01:12,弱気,ドンチャン55/20,1000000,0,1000000,0,0.00,0.0
2026-08-09 02:31:01,弱気,ドンチャン55/20,1000000,0,1000000,0,0.00,0.0
2026-08-09 02:47:21,弱気,ドンチャン55/20,1000000,0,1000000,0,0.00,0.0
2026-08-09 03:01:12,弱気,ドンチャン55/20,1000000,0,1000000,0,0.00,0.0
2026-08-09 03:15:52,弱気,ドンチャン55/20,1000000,0,1000000,0,0.00,0.0
2026-08-09 03:31:05,弱気,ドンチャン55/20,1000000,0,1000000,0,0.00,0.0
2026-08-09 04:01:16,弱気,ドンチャン55/20,1000000,0,1000000,0,0.00,0.0
2026-08-09 04:02:52,弱気,ドンチャン55/20,1000000,0,1000000,0,0.00,0.0
2026-08-09 04:31:03,弱気,ドンチャン55/20,1000000,0,1000000,0,0.00,0.0
2026-08-09 04:45:51,弱気,ドンチャン55/20,1000000,0,1000000,0,0.00,0.0
2026-08-09 05:01:15,弱気,ドンチャン55/20,1000000,0,1000000,0,0.00,0.0
2026-08-09 05:11:05,弱気,ドンチャン55/20,1000000,0,1000000,0,0.00,0.0
2026-08-09 05:31:02,弱気,ドンチャン55/20,1000000,0,1000000,0,0.00,0.0
2026-08-09 05:49:23,弱気,ドンチャン55/20,1000000,0,1000000,0,0.00,0.0
2026-08-09 06:01:14,弱気,ドンチャン55/20,1000000,0,1000000,0,0.00,0.0
2026-08-09 06:31:05,弱気,ドンチャン55/20,1000000,0,1000000,0,0.00,0.0
2026-08-09 06:47:09,弱気,ドンチャン55/20,1000000,0,1000000,0,0.00,0.0
2026-08-09 07:01:15,弱気,ドンチャン55/20,1000000,0,1000000,0,0.00,0.0
2026-08-09 07:12:15,弱気,ドンチャン55/20,1000000,0,1000000,0,0.00,0.0
2026-08-09 07:31:01,弱気,ドンチャン55/20,1000000,0,1000000,0,0.00,0.0
2026-08-09 07:48:12,弱気,ドンチャン55/20,1000000,0,1000000,0,0.00,0.0
2026-08-09 08:01:15,弱気,ドンチャン55/20,1000000,0,1000000,0,0.00,0.0
2026-08-09 08:30:59,弱気,ドンチャン55/20,1000000,0,1000000,0,0.00,0.0
2026-08-09 08:46:07,弱気,ドンチャン55/20,1000000,0,1000000,0,0.00,0.0
2026-08-09 09:31:00,弱気,ドンチャン55/20,1000000,0,1000000,0,0.00,0.0
2026-08-09 09:36:09,弱気,ドンチャン55/20,1000000,0,1000000,0,0.00,0.0
2026-08-09 10:01:12,弱気,ドンチャン55/20,1000000,0,1000000,0,0.00,0.0
2026-08-09 10:31:01,弱気,ドンチャン55/20,1000000,0,1000000,0,0.00,0.0
2026-08-09 11:01:22,弱気,ドンチャン55/20,1000000,0,1000000,0,0.00,0.0
2026-08-09 11:31:03,弱気,ドンチャン55/20,1000000,0,1000000,0,0.00,0.0
2026-08-09 11:52:06,弱気,ドンチャン55/20,1000000,0,1000000,0,0.00,0.0
2026-08-09 12:01:14,弱気,ドンチャン55/20,1000000,0,1000000,0,0.00,0.0
2026-08-09 12:31:03,弱気,ドンチャン55/20,1000000,0,1000000,0,0.00,0.0
2026-08-09 13:01:14,弱気,ドンチャン55/20,1000000,0,1000000,0,0.00,0.0
2026-08-09 13:31:02,弱気,ドンチャン55/20,1000000,0,1000000,0,0.00,0.0
2026-08-09 13:38:00,弱気,ドンチャン55/20,1000000,0,1000000,0,0.00,0.0
2026-08-09 14:01:11,弱気,ドンチャン55/20,1000000,0,1000000,0,0.00,0.0
2026-08-09 14:31:05,弱気,ドンチャン55/20,1000000,0,1000000,0,0.00,0.0
2026-08-09 14:35:34,弱気,ドンチャン55/20,1000000,0,1000000,0,0.00,0.0
2026-08-09 15:01:19,弱気,ドンチャン55/20,1000000,0,1000000,0,0.00,0.0
2026-08-09 15:29:42,弱気,ドンチャン55/20,1000000,0,1000000,0,0.00,0.0
2026-08-09 15:31:02,弱気,ドンチャン55/20,1000000,0,1000000,0,0.00,0.0
2026-08-09 16:01:16,弱気,ドンチャン55/20,1000000,0,1000000,0,0.00,0.0
2026-08-09 16:31:08,弱気,ドンチャン55/20,1000000,0,1000000,0,0.00,0.0
2026-08-09 16:40:53,弱気,ドンチャン55/20,1000000,0,1000000,0,0.00,0.0
2026-08-09 17:01:18,弱気,ドンチャン55/20,1000000,0,1000000,0,0.00,0.0
2026-08-09 17:24:25,弱気,ドンチャン55/20,1000000,0,1000000,0,0.00,0.0
2026-08-09 17:31:03,弱気,ドンチャン55/20,1000000,0,1000000,0,0.00,0.0
2026-08-09 18:01:17,弱気,ドンチャン55/20,1000000,0,1000000,0,0.00,0.0
2026-08-09 18:23:42,弱気,ドンチャン55/20,1000000,0,1000000,0,0.00,0.0
2026-08-09 18:31:00,弱気,ドンチャン55/20,1000000,0,1000000,0,0.00,0.0
2026-08-09 19:01:15,弱気,ドンチャン55/20,1000000,0,1000000,0,0.00,0.0
2026-08-09 19:16:48,弱気,ドンチャン55/20,1000000,0,1000000,0,0.00,0.0
2026-08-09 19:30:59,弱気,ドンチャン55/20,1000000,0,1000000,0,0.00,0.0
2026-08-09 19:56:17,弱気,ドンチャン55/20,1000000,0,1000000,0,0.00,0.0
2026-08-09 20:01:11,弱気,ドンチャン55/20,1000000,0,1000000,0,0.00,0.0
2026-08-09 20:30:58,弱気,ドンチャン55/20,1000000,0,1000000,0,0.00,0.0
2026-08-09 20:46:27,弱気,ドンチャン55/20,1000000,0,1000000,0,0.00,0.0
2026-08-09 21:01:19,弱気,ドンチャン55/20,1000000,0,1000000,0,0.00,0.0
2026-08-09 21:18:04,弱気,ドンチャン55/20,1000000,0,1000000,0,0.00,0.0
2026-08-09 21:30:59,弱気,ドンチャン55/20,1000000,0,1000000,0,0.00,0.0
2026-08-09 22:01:16,弱気,ドンチャン55/20,1000000,0,1000000,0,0.00,0.0
2026-08-09 22:31:00,弱気,ドンチャン55/20,1000000,0,1000000,0,0.00,0.0
2026-08-09 22:37:16,弱気,ドンチャン55/20,1000000,0,1000000,0,0.00,0.0
2026-08-09 23:01:10,弱気,ドンチャン55/20,1000000,0,1000000,0,0.00,0.0
2026-08-09 23:20:14,弱気,ドンチャン55/20,1000000,0,1000000,0,0.00,0.0
2026-08-09 23:31:01,弱気,ドンチャン55/20,1000000,0,1000000,0,0.00,0.0
2026-08-10 00:01:13,弱気,ドンチャン55/20,1000000,0,1000000,0,0.00,0.0
2026-08-10 00:14:03,弱気,ドンチャン55/20,1000000,0,1000000,0,0.00,0.0
2026-08-10 00:30:59,弱気,ドンチャン55/20,1000000,0,1000000,0,0.00,0.0
2026-08-10 00:48:41,弱気,ドンチャン55/20,1000000,0,1000000,0,0.00,0.0
2026-08-10 01:01:26,弱気,ドンチャン55/20,1000000,0,1000000,0,0.00,0.0
2026-08-10 01:31:10,弱気,ドンチャン55/20,1000000,0,1000000,0,0.00,0.0
2026-08-10 01:55:27,弱気,ドンチャン55/20,1000000,0,1000000,0,0.00,0.0
2026-08-10 02:01:23,弱気,ドンチャン55/20,1000000,0,1000000,0,0.00,0.0
2026-08-10 02:31:09,弱気,ドンチャン55/20,1000000,0,1000000,0,0.00,0.0
2026-08-10 02:48:05,弱気,ドンチャン55/20,1000000,0,1000000,0,0.00,0.0
2026-08-10 03:01:15,弱気,ドンチャン55/20,1000000,0,1000000,0,0.00,0.0
2026-08-10 03:31:02,弱気,ドンチャン55/20,1000000,0,1000000,0,0.00,0.0
2026-08-10 04:01:13,弱気,ドンチャン55/20,1000000,0,1000000,0,0.00,0.0
2026-08-10 04:01:55,弱気,ドンチャン55/20,1000000,0,1000000,0,0.00,0.0
2026-08-10 04:31:02,弱気,ドンチャン55/20,1000000,0,1000000,0,0.00,0.0
2026-08-10 04:49:27,弱気,ドンチャン55/20,1000000,0,1000000,0,0.00,0.0
2026-08-10 05:01:10,弱気,ドンチャン55/20,1000000,0,1000000,0,0.00,0.0
2026-08-10 05:31:01,弱気,ドンチャン55/20,1000000,0,1000000,0,0.00,0.0
2026-08-10 05:52:47,弱気,ドンチャン55/20,1000000,0,1000000,0,0.00,0.0
2026-08-10 06:01:13,弱気,ドンチャン55/20,1000000,0,1000000,0,0.00,0.0
2026-08-10 06:31:06,弱気,ドンチャン55/20,1000000,0,1000000,0,0.00,0.0
2026-08-10 06:49:10,弱気,ドンチャン55/20,1000000,0,1000000,0,0.00,0.0
2026-08-10 07:01:21,弱気,ドンチャン55/20,1000000,0,1000000,0,0.00,0.0
2026-08-10 07:31:11,弱気,ドンチャン55/20,1000000,0,1000000,0,0.00,0.0
2026-08-10 07:51:19,弱気,ドンチャン55/20,1000000,0,1000000,0,0.00,0.0
2026-08-10 08:01:16,弱気,ドンチャン55/20,1000000,0,1000000,0,0.00,0.0
2026-08-10 08:31:00,弱気,ドンチャン55/20,1000000,0,1000000,0,0.00,0.0
2026-08-10 08:48:03,弱気,ドンチャン55/20,1000000,0,1000000,0,0.00,0.0
2026-08-10 09:01:25,弱気,ドンチャン55/20,1000000,0,1000000,0,0.00,0.0
2026-08-10 09:31:06,弱気,ドンチャン55/20,1000000,0,1000000,0,0.00,0.0
2026-08-10 10:01:11,弱気,ドンチャン55/20,1000000,0,1000000,0,0.00,0.0
2026-08-10 10:31:03,弱気,ドンチャン55/20,1000000,0,1000000,0,0.00,0.0
2026-08-10 11:01:18,弱気,ドンチャン55/20,1000000,0,1000000,0,0.00,0.0
2026-08-10 11:31:02,弱気,ドンチャン55/20,1000000,0,1000000,0,0.00,0.0
2026-08-10 11:35:48,弱気,ドンチャン55/20,1000000,0,1000000,0,0.00,0.0
2026-08-10 12:01:15,弱気,ドンチャン55/20,1000000,0,1000000,0,0.00,0.0
2026-08-10 12:31:03,弱気,ドンチャン55/20,1000000,0,1000000,0,0.00,0.0
2026-08-10 13:01:15,弱気,ドンチャン55/20,1000000,0,1000000,0,0.00,0.0
2026-08-10 13:19:11,弱気,ドンチャン55/20,1000000,0,1000000,0,0.00,0.0
2026-08-10 13:31:01,弱気,ドンチャン55/20,1000000,0,1000000,0,0.00,0.0
2026-08-10 14:01:16,弱気,ドンチャン55/20,1000000,0,1000000,0,0.00,0.0
2026-08-10 14:31:01,弱気,ドンチャン55/20,1000000,0,1000000,0,0.00,0.0
2026-08-10 15:01:20,弱気,ドンチャン55/20,1000000,0,1000000,0,0.00,0.0
2026-08-10 15:02:12,弱気,ドンチャン55/20,1000000,0,1000000,0,0.00,0.0
2026-08-10 15:31:04,弱気,ドンチャン55/20,1000000,0,1000000,0,0.00,0.0
2026-08-10 16:01:22,弱気,ドンチャン55/20,1000000,0,1000000,0,0.00,0.0
2026-08-10 16:31:06,弱気,ドンチャン55/20,1000000,0,1000000,0,0.00,0.0
2026-08-10 17:01:14,弱気,ドンチャン55/20,1000000,0,1000000,0,0.00,0.0
2026-08-10 17:05:47,弱気,ドンチャン55/20,1000000,0,1000000,0,0.00,0.0
2026-08-10 17:31:07,弱気,ドンチャン55/20,1000000,0,1000000,0,0.00,0.0
2026-08-10 18:01:20,弱気,ドンチャン55/20,1000000,0,1000000,0,0.00,0.0
2026-08-10 18:31:01,弱気,ドンチャン55/20,1000000,0,1000000,0,0.00,0.0
2026-08-10 18:49:28,弱気,ドンチャン55/20,1000000,0,1000000,0,0.00,0.0
2026-08-10 19:01:27,弱気,ドンチャン55/20,1000000,0,1000000,0,0.00,0.0
2026-08-10 19:31:01,弱気,ドンチャン55/20,1000000,0,1000000,0,0.00,0.0
2026-08-10 20:01:17,弱気,ドンチャン55/20,1000000,0,1000000,0,0.00,0.0
2026-08-10 20:27:19,弱気,ドンチャン55/20,1000000,0,1000000,0,0.00,0.0
2026-08-10 20:31:06,弱気,ドンチャン55/20,1000000,0,1000000,0,0.00,0.0
2026-08-10 21:01:17,弱気,ドンチャン55/20,1000000,0,1000000,0,0.00,0.0
2026-08-10 21:31:19,弱気,ドンチャン55/20,1000000,0,1000000,0,0.00,0.0
2026-08-10 21:33:11,弱気,ドンチャン55/20,1000000,0,1000000,0,0.00,0.0
2026-08-10 22:01:24,弱気,ドンチャン55/20,1000000,0,1000000,0,0.00,0.0
2026-08-10 22:31:11,弱気,ドンチャン55/20,1000000,0,1000000,0,0.00,0.0
2026-08-10 23:01:21,弱気,ドンチャン55/20,1000000,0,1000000,0,0.00,0.0
2026-08-10 23:06:56,弱気,ドンチャン55/20,1000000,0,1000000,0,0.00,0.0
2026-08-10 23:31:11,弱気,ドンチャン55/20,1000000,0,1000000,0,0.00,0.0
2026-08-11 00:01:26,弱気,ドンチャン55/20,1000000,0,1000000,0,0.00,0.0
2026-08-11 00:17:50,弱気,ドンチャン55/20,1000000,0,1000000,0,0.00,0.0
2026-08-11 00:31:10,弱気,ドンチャン55/20,1000000,0,1000000,0,0.00,0.0
2026-08-11 01:01:28,弱気,ドンチャン55/20,1000000,0,1000000,0,0.00,0.0
2026-08-11 01:31:02,弱気,ドンチャン55/20,1000000,0,1000000,0,0.00,0.0
2026-08-11 01:34:30,弱気,ドンチャン55/20,1000000,0,1000000,0,0.00,0.0
2026-08-11 02:01:17,弱気,ドンチャン55/20,1000000,0,1000000,0,0.00,0.0
2026-08-11 02:31:08,弱気,ドンチャン55/20,1000000,0,1000000,0,0.00,0.0
2026-08-11 02:38:12,弱気,ドンチャン55/20,1000000,0,1000000,0,0.00,0.0
2026-08-11 03:01:24,弱気,ドンチャン55/20,1000000,0,1000000,0,0.00,0.0
2026-08-11 03:31:11,弱気,ドンチャン55/20,1000000,0,1000000,0,0.00,0.0
2026-08-11 03:35:46,弱気,ドンチャン55/20,1000000,0,1000000,0,0.00,0.0
2026-08-11 04:01:19,弱気,ドンチャン55/20,1000000,0,1000000,0,0.00,0.0
2026-08-11 04:31:04,弱気,ドンチャン55/20,1000000,0,1000000,0,0.00,0.0
2026-08-11 04:43:15,弱気,ドンチャン55/20,1000000,0,1000000,0,0.00,0.0
2026-08-11 05:01:17,弱気,ドンチャン55/20,1000000,0,1000000,0,0.00,0.0
2026-08-11 05:24:56,弱気,ドンチャン55/20,1000000,0,1000000,0,0.00,0.0
2026-08-11 05:31:08,弱気,ドンチャン55/20,1000000,0,1000000,0,0.00,0.0
2026-08-11 06:01:17,弱気,ドンチャン55/20,1000000,0,1000000,0,0.00,0.0
2026-08-11 06:26:19,弱気,ドンチャン55/20,1000000,0,1000000,0,0.00,0.0
2026-08-11 06:31:04,弱気,ドンチャン55/20,1000000,0,1000000,0,0.00,0.0
2026-08-11 07:01:19,弱気,ドンチャン55/20,1000000,0,1000000,0,0.00,0.0
2026-08-11 07:20:42,弱気,ドンチャン55/20,1000000,0,1000000,0,0.00,0.0
2026-08-11 07:30:58,弱気,ドンチャン55/20,1000000,0,1000000,0,0.00,0.0
2026-08-11 08:01:18,弱気,ドンチャン55/20,1000000,0,1000000,0,0.00,0.0
2026-08-11 08:19:28,弱気,ドンチャン55/20,1000000,0,1000000,0,0.00,0.0
2026-08-11 08:31:02,弱気,ドンチャン55/20,1000000,0,1000000,0,0.00,0.0
2026-08-11 09:01:19,弱気,ドンチャン55/20,1000000,0,1000000,0,0.00,0.0
2026-08-11 09:31:05,弱気,ドンチャン55/20,1000000,0,1000000,0,0.00,0.0
2026-08-11 09:34:49,弱気,ドンチャン55/20,1000000,0,1000000,0,0.00,0.0
2026-08-11 10:01:18,弱気,ドンチャン55/20,1000000,0,1000000,0,0.00,0.0
2026-08-11 10:31:02,弱気,ドンチャン55/20,1000000,0,1000000,0,0.00,0.0
2026-08-11 11:01:16,弱気,ドンチャン55/20,1000000,0,1000000,0,0.00,0.0
2026-08-11 11:31:03,弱気,ドンチャン55/20,1000000,0,1000000,0,0.00,0.0
2026-08-11 11:53:46,弱気,ドンチャン55/20,1000000,0,1000000,0,0.00,0.0
2026-08-11 12:01:16,弱気,ドンチャン55/20,1000000,0,1000000,0,0.00,0.0
2026-08-11 12:31:04,弱気,ドンチャン55/20,1000000,0,1000000,0,0.00,0.0
2026-08-11 13:01:16,弱気,ドンチャン55/20,1000000,0,1000000,0,0.00,0.0
2026-08-11 13:31:07,弱気,ドンチャン55/20,1000000,0,1000000,0,0.00,0.0
2026-08-11 13:41:13,弱気,ドンチャン55/20,1000000,0,1000000,0,0.00,0.0
2026-08-11 14:01:17,弱気,ドンチャン55/20,1000000,0,1000000,0,0.00,0.0
2026-08-11 14:31:13,弱気,ドンチャン55/20,1000000,0,1000000,0,0.00,0.0
2026-08-11 14:42:21,弱気,ドンチャン55/20,1000000,0,1000000,0,0.00,0.0
2026-08-11 15:01:17,弱気,ドンチャン55/20,1000000,0,1000000,0,0.00,0.0
2026-08-11 15:31:01,弱気,ドンチャン55/20,1000000,0,1000000,0,0.00,0.0
2026-08-11 15:37:56,弱気,ドンチャン55/20,1000000,0,1000000,0,0.00,0.0
2026-08-11 16:01:20,弱気,ドンチャン55/20,1000000,0,1000000,0,0.00,0.0
2026-08-11 16:31:07,弱気,ドンチャン55/20,1000000,0,1000000,0,0.00,0.0
2026-08-11 16:57:23,弱気,ドンチャン55/20,1000000,0,1000000,0,0.00,0.0
2026-08-11 17:01:23,弱気,ドンチャン55/20,1000000,0,1000000,0,0.00,0.0
2026-08-11 17:31:01,弱気,ドンチャン55/20,1000000,0,1000000,0,0.00,0.0
2026-08-11 18:01:14,弱気,ドンチャン55/20,1000000,0,1000000,0,0.00,0.0
2026-08-11 18:14:45,弱気,ドンチャン55/20,1000000,0,1000000,0,0.00,0.0
2026-08-11 18:31:09,弱気,ドンチャン55/20,1000000,0,1000000,0,0.00,0.0
2026-08-11 19:01:19,弱気,ドンチャン55/20,1000000,0,1000000,0,0.00,0.0
2026-08-11 19:13:46,弱気,ドンチャン55/20,1000000,0,1000000,0,0.00,0.0
2026-08-11 19:31:06,弱気,ドンチャン55/20,1000000,0,1000000,0,0.00,0.0
2026-08-11 20:01:19,弱気,ドンチャン55/20,1000000,0,1000000,0,0.00,0.0
2026-08-11 20:07:10,弱気,ドンチャン55/20,1000000,0,1000000,0,0.00,0.0
2026-08-11 20:31:01,弱気,ドンチャン55/20,1000000,0,1000000,0,0.00,0.0
2026-08-11 20:58:32,弱気,ドンチャン55/20,1000000,0,1000000,0,0.00,0.0
2026-08-11 21:01:20,弱気,ドンチャン55/20,1000000,0,1000000,0,0.00,0.0
2026-08-11 21:31:15,弱気,ドンチャン55/20,1000000,0,1000000,0,0.00,0.0
2026-08-11 22:01:23,弱気,ドンチャン55/20,1000000,0,1000000,0,0.00,0.0
2026-08-11 22:31:06,弱気,ドンチャン55/20,1000000,0,1000000,0,0.00,0.0
2026-08-11 22:43:52,弱気,ドンチャン55/20,1000000,0,1000000,0,0.00,0.0
2026-08-11 23:01:20,弱気,ドンチャン55/20,1000000,0,1000000,0,0.00,0.0
2026-08-11 23:31:04,弱気,ドンチャン55/20,1000000,0,1000000,0,0.00,0.0
2026-08-11 23:45:19,弱気,ドンチャン55/20,1000000,0,1000000,0,0.00,0.0
2026-08-12 00:01:18,弱気,ドンチャン55/20,1000000,0,1000000,0,0.00,0.0
2026-08-12 00:31:03,弱気,ドンチャン55/20,1000000,0,1000000,0,0.00,0.0
2026-08-12 00:43:23,弱気,ドンチャン55/20,1000000,0,1000000,0,0.00,0.0
2026-08-12 01:01:24,弱気,ドンチャン55/20,1000000,0,1000000,0,0.00,0.0
2026-08-12 01:31:05,弱気,ドンチャン55/20,1000000,0,1000000,0,0.00,0.0
2026-08-12 01:38:54,弱気,ドンチャン55/20,1000000,0,1000000,0,0.00,0.0
2026-08-12 02:01:26,弱気,ドンチャン55/20,1000000,0,1000000,0,0.00,0.0
2026-08-12 02:31:07,弱気,ドンチャン55/20,1000000,0,1000000,0,0.00,0.0
2026-08-12 02:42:38,弱気,ドンチャン55/20,1000000,0,1000000,0,0.00,0.0
2026-08-12 03:01:16,弱気,ドンチャン55/20,1000000,0,1000000,0,0.00,0.0
2026-08-12 03:31:10,弱気,ドンチャン55/20,1000000,0,1000000,0,0.00,0.0
2026-08-12 03:37:54,弱気,ドンチャン55/20,1000000,0,1000000,0,0.00,0.0
2026-08-12 04:01:18,弱気,ドンチャン55/20,1000000,0,1000000,0,0.00,0.0
2026-08-12 04:31:13,弱気,ドンチャン55/20,1000000,0,1000000,0,0.00,0.0
2026-08-12 04:48:18,弱気,ドンチャン55/20,1000000,0,1000000,0,0.00,0.0
2026-08-12 05:01:18,弱気,ドンチャン55/20,1000000,0,1000000,0,0.00,0.0
2026-08-12 05:31:07,弱気,ドンチャン55/20,1000000,0,1000000,0,0.00,0.0
2026-08-12 06:01:18,弱気,ドンチャン55/20,1000000,0,1000000,0,0.00,0.0
2026-08-12 06:06:06,弱気,ドンチャン55/20,1000000,0,1000000,0,0.00,0.0
2026-08-12 06:31:06,弱気,ドンチャン55/20,1000000,0,1000000,0,0.00,0.0
2026-08-12 07:01:19,弱気,ドンチャン55/20,1000000,0,1000000,0,0.00,0.0
2026-08-12 07:05:53,弱気,ドンチャン55/20,1000000,0,1000000,0,0.00,0.0
2026-08-12 07:31:11,弱気,ドンチャン55/20,1000000,0,1000000,0,0.00,0.0
2026-08-12 08:01:13,弱気,ドンチャン55/20,1000000,0,1000000,0,0.00,0.0
2026-08-12 08:04:48,弱気,ドンチャン55/20,1000000,0,1000000,0,0.00,0.0
2026-08-12 08:31:04,弱気,ドンチャン55/20,1000000,0,1000000,0,0.00,0.0
2026-08-12 09:31:02,弱気,ドンチャン55/20,1000000,0,1000000,0,0.00,0.0
2026-08-12 10:01:15,弱気,ドンチャン55/20,1000000,0,1000000,0,0.00,0.0
2026-08-12 10:31:04,弱気,ドンチャン55/20,1000000,0,1000000,0,0.00,0.0
2026-08-12 11:01:16,弱気,ドンチャン55/20,1000000,0,1000000,0,0.00,0.0
2026-08-12 11:31:03,弱気,ドンチャン55/20,1000000,0,1000000,0,0.00,0.0
2026-08-12 11:46:19,弱気,ドンチャン55/20,1000000,0,1000000,0,0.00,0.0
2026-08-12 12:01:22,弱気,ドンチャン55/20,1000000,0,1000000,0,0.00,0.0
2026-08-12 12:31:06,弱気,ドンチャン55/20,1000000,0,1000000,0,0.00,0.0
2026-08-12 13:01:17,弱気,ドンチャン55/20,1000000,0,1000000,0,0.00,0.0
2026-08-12 13:29:34,弱気,ドンチャン55/20,1000000,0,1000000,0,0.00,0.0
2026-08-12 13:30:58,弱気,ドンチャン55/20,1000000,0,1000000,0,0.00,0.0
2026-08-12 14:01:15,弱気,ドンチャン55/20,1000000,0,1000000,0,0.00,0.0
2026-08-12 14:31:12,弱気,ドンチャン55/20,1000000,0,1000000,0,0.00,0.0
2026-08-12 15:01:20,弱気,ドンチャン55/20,1000000,0,1000000,0,0.00,0.0
2026-08-12 15:05:22,弱気,ドンチャン55/20,1000000,0,1000000,0,0.00,0.0
2026-08-12 15:31:09,弱気,ドンチャン55/20,1000000,0,1000000,0,0.00,0.0
2026-08-12 16:01:19,弱気,ドンチャン55/20,1000000,0,1000000,0,0.00,0.0
2026-08-12 16:30:58,弱気,ドンチャン55/20,1000000,0,1000000,0,0.00,0.0
2026-08-12 16:54:19,弱気,ドンチャン55/20,1000000,0,1000000,0,0.00,0.0
2026-08-12 17:01:15,弱気,ドンチャン55/20,1000000,0,1000000,0,0.00,0.0
2026-08-12 17:31:05,弱気,ドンチャン55/20,1000000,0,1000000,0,0.00,0.0
2026-08-12 18:01:21,弱気,ドンチャン55/20,1000000,0,1000000,0,0.00,0.0
2026-08-12 18:30:59,弱気,ドンチャン55/20,1000000,0,1000000,0,0.00,0.0
2026-08-12 18:32:17,弱気,ドンチャン55/20,1000000,0,1000000,0,0.00,0.0
2026-08-12 19:01:19,弱気,ドンチャン55/20,1000000,0,1000000,0,0.00,0.0
2026-08-12 19:31:00,弱気,ドンチャン55/20,1000000,0,1000000,0,0.00,0.0
2026-08-12 19:43:18,弱気,ドンチャン55/20,1000000,0,1000000,0,0.00,0.0
2026-08-12 20:01:13,弱気,ドンチャン55/20,1000000,0,1000000,0,0.00,0.0
2026-08-12 20:31:02,弱気,ドンチャン55/20,1000000,0,1000000,0,0.00,0.0
2026-08-12 20:32:12,弱気,ドンチャン55/20,1000000,0,1000000,0,0.00,0.0
2026-08-12 21:01:20,弱気,ドンチャン55/20,1000000,0,1000000,0,0.00,0.0
2026-08-12 21:31:08,弱気,ドンチャン55/20,1000000,0,1000000,0,0.00,0.0
2026-08-12 21:33:11,弱気,ドンチャン55/20,1000000,0,1000000,0,0.00,0.0
2026-08-12 22:01:18,弱気,ドンチャン55/20,1000000,0,1000000,0,0.00,0.0
2026-08-12 22:31:07,弱気,ドンチャン55/20,1000000,0,1000000,0,0.00,0.0
2026-08-12 23:01:23,弱気,ドンチャン55/20,1000000,0,1000000,0,0.00,0.0
2026-08-12 23:07:26,弱気,ドンチャン55/20,1000000,0,1000000,0,0.00,0.0
2026-08-12 23:31:08,弱気,ドンチャン55/20,1000000,0,1000000,0,0.00,0.0
2026-08-13 00:01:21,弱気,ドンチャン55/20,1000000,0,1000000,0,0.00,0.0
2026-08-13 00:15:45,弱気,ドンチャン55/20,1000000,0,1000000,0,0.00,0.0
2026-08-13 00:31:09,弱気,ドンチャン55/20,1000000,0,1000000,0,0.00,0.0
2026-08-13 01:01:14,弱気,ドンチャン55/20,1000000,0,1000000,0,0.00,0.0
2026-08-13 01:12:25,弱気,ドンチャン55/20,1000000,0,1000000,0,0.00,0.0
2026-08-13 01:31:07,弱気,ドンチャン55/20,1000000,0,1000000,0,0.00,0.0
2026-08-13 02:01:19,弱気,ドンチャン55/20,1000000,0,1000000,0,0.00,0.0
2026-08-13 02:14:04,弱気,ドンチャン55/20,1000000,0,1000000,0,0.00,0.0
2026-08-13 02:31:11,弱気,ドンチャン55/20,1000000,0,1000000,0,0.00,0.0
2026-08-13 03:01:15,弱気,ドンチャン55/20,1000000,0,1000000,0,0.00,0.0
2026-08-13 03:09:10,弱気,ドンチャン55/20,1000000,0,1000000,0,0.00,0.0
2026-08-13 03:31:06,弱気,ドンチャン55/20,1000000,0,1000000,0,0.00,0.0
2026-08-13 04:01:21,弱気,ドンチャン55/20,1000000,0,1000000,0,0.00,0.0
2026-08-13 04:28:00,弱気,ドンチャン55/20,1000000,0,1000000,0,0.00,0.0
2026-08-13 04:31:01,弱気,ドンチャン55/20,1000000,0,1000000,0,0.00,0.0
2026-08-13 05:01:12,弱気,ドンチャン55/20,1000000,0,1000000,0,0.00,0.0
2026-08-13 05:24:03,弱気,ドンチャン55/20,1000000,0,1000000,0,0.00,0.0
2026-08-13 05:31:04,弱気,ドンチャン55/20,1000000,0,1000000,0,0.00,0.0
2026-08-13 06:01:11,弱気,ドンチャン55/20,1000000,0,1000000,0,0.00,0.0
2026-08-13 06:29:06,弱気,ドンチャン55/20,1000000,0,1000000,0,0.00,0.0
2026-08-13 06:31:00,弱気,ドンチャン55/20,1000000,0,1000000,0,0.00,0.0
2026-08-13 07:01:21,弱気,ドンチャン55/20,1000000,0,1000000,0,0.00,0.0
2026-08-13 07:24:53,弱気,ドンチャン55/20,1000000,0,1000000,0,0.00,0.0
2026-08-13 07:31:02,弱気,ドンチャン55/20,1000000,0,1000000,0,0.00,0.0
2026-08-13 08:01:10,弱気,ドンチャン55/20,1000000,0,1000000,0,0.00,0.0
2026-08-13 08:23:27,弱気,ドンチャン55/20,1000000,0,1000000,0,0.00,0.0
2026-08-13 08:30:54,弱気,ドンチャン55/20,1000000,0,1000000,0,0.00,0.0
2026-08-13 09:31:00,弱気,ドンチャン55/20,1000000,0,1000000,0,0.00,0.0
2026-08-13 09:45:08,弱気,ドンチャン55/20,1000000,0,1000000,0,0.00,0.0
2026-08-13 10:01:18,弱気,ドンチャン55/20,1000000,0,1000000,0,0.00,0.0
2026-08-13 10:31:08,弱気,ドンチャン55/20,1000000,0,1000000,0,0.00,0.0
2026-08-13 11:01:20,弱気,ドンチャン55/20,1000000,0,1000000,0,0.00,0.0
2026-08-13 11:31:00,弱気,ドンチャン55/20,1000000,0,1000000,0,0.00,0.0
2026-08-13 12:01:21,弱気,ドンチャン55/20,1000000,0,1000000,0,0.00,0.0
2026-08-13 12:17:05,弱気,ドンチャン55/20,1000000,0,1000000,0,0.00,0.0
2026-08-13 12:31:00,弱気,ドンチャン55/20,1000000,0,1000000,0,0.00,0.0
2026-08-13 13:01:13,弱気,ドンチャン55/20,1000000,0,1000000,0,0.00,0.0
2026-08-13 13:31:01,弱気,ドンチャン55/20,1000000,0,1000000,0,0.00,0.0
2026-08-13 14:01:12,弱気,ドンチャン55/20,1000000,0,1000000,0,0.00,0.0
2026-08-13 14:12:06,弱気,ドンチャン55/20,1000000,0,1000000,0,0.00,0.0
2026-08-13 14:31:03,弱気,ドンチャン55/20,1000000,0,1000000,0,0.00,0.0
2026-08-13 15:01:18,弱気,ドンチャン55/20,1000000,0,1000000,0,0.00,0.0
2026-08-13 15:31:03,弱気,ドンチャン55/20,1000000,0,1000000,0,0.00,0.0
2026-08-13 15:46:18,弱気,ドンチャン55/20,1000000,0,1000000,0,0.00,0.0
2026-08-13 16:01:16,弱気,ドンチャン55/20,1000000,0,1000000,0,0.00,0.0
2026-08-13 16:31:05,弱気,ドンチャン55/20,1000000,0,1000000,0,0.00,0.0
2026-08-13 17:01:24,弱気,ドンチャン55/20,1000000,0,1000000,0,0.00,0.0
2026-08-13 17:07:25,弱気,ドンチャン55/20,1000000,0,1000000,0,0.00,0.0
2026-08-13 17:31:02,弱気,ドンチャン55/20,1000000,0,1000000,0,0.00,0.0
2026-08-13 18:01:19,弱気,ドンチャン55/20,1000000,0,1000000,0,0.00,0.0
2026-08-13 18:31:03,弱気,ドンチャン55/20,1000000,0,1000000,0,0.00,0.0
2026-08-13 18:34:03,弱気,ドンチャン55/20,1000000,0,1000000,0,0.00,0.0
2026-08-13 19:01:32,弱気,ドンチャン55/20,1000000,0,1000000,0,0.00,0.0
2026-08-13 19:31:00,弱気,ドンチャン55/20,1000000,0,1000000,0,0.00,0.0
2026-08-13 19:45:16,弱気,ドンチャン55/20,1000000,0,1000000,0,0.00,0.0
2026-08-13 20:01:11,弱気,ドンチャン55/20,1000000,0,1000000,0,0.00,0.0
2026-08-13 20:31:00,弱気,ドンチャン55/20,1000000,0,1000000,0,0.00,0.0
2026-08-13 20:34:24,弱気,ドンチャン55/20,1000000,0,1000000,0,0.00,0.0
2026-08-13 21:01:14,弱気,ドンチャン55/20,1000000,0,1000000,0,0.00,0.0
2026-08-13 21:31:10,弱気,ドンチャン55/20,1000000,0,1000000,0,0.00,0.0
2026-08-13 21:33:50,弱気,ドンチャン55/20,1000000,0,1000000,0,0.00,0.0
2026-08-13 22:01:19,弱気,ドンチャン55/20,1000000,0,1000000,0,0.00,0.0
2026-08-13 22:31:07,弱気,ドンチャン55/20,1000000,0,1000000,0,0.00,0.0
2026-08-13 23:01:22,弱気,ドンチャン55/20,1000000,0,1000000,0,0.00,0.0
2026-08-13 23:08:28,弱気,ドンチャン55/20,1000000,0,1000000,0,0.00,0.0
2026-08-13 23:31:04,弱気,ドンチャン55/20,1000000,0,1000000,0,0.00,0.0
2026-08-14 00:01:17,弱気,ドンチャン55/20,1000000,0,1000000,0,0.00,0.0
2026-08-14 00:16:10,弱気,ドンチャン55/20,1000000,0,1000000,0,0.00,0.0
2026-08-14 00:31:05,弱気,ドンチャン55/20,1000000,0,1000000,0,0.00,0.0
2026-08-14 01:01:20,弱気,ドンチャン55/20,1000000,0,1000000,0,0.00,0.0
2026-08-14 01:13:02,弱気,ドンチャン55/20,1000000,0,1000000,0,0.00,0.0
2026-08-14 01:31:04,弱気,ドンチャン55/20,1000000,0,1000000,0,0.00,0.0
2026-08-14 02:01:20,弱気,ドンチャン55/20,1000000,0,1000000,0,0.00,0.0
2026-08-14 02:14:35,弱気,ドンチャン55/20,1000000,0,1000000,0,0.00,0.0
2026-08-14 02:31:06,弱気,ドンチャン55/20,1000000,0,1000000,0,0.00,0.0
2026-08-14 03:01:21,弱気,ドンチャン55/20,1000000,0,1000000,0,0.00,0.0
2026-08-14 03:09:40,弱気,ドンチャン55/20,1000000,0,1000000,0,0.00,0.0
2026-08-14 03:31:05,弱気,ドンチャン55/20,1000000,0,1000000,0,0.00,0.0
2026-08-14 04:01:20,弱気,ドンチャン55/20,1000000,0,1000000,0,0.00,0.0
2026-08-14 04:26:59,弱気,ドンチャン55/20,1000000,0,1000000,0,0.00,0.0
2026-08-14 04:31:07,弱気,ドンチャン55/20,1000000,0,1000000,0,0.00,0.0
2026-08-14 05:01:20,弱気,ドンチャン55/20,1000000,0,1000000,0,0.00,0.0
2026-08-14 05:22:07,弱気,ドンチャン55/20,1000000,0,1000000,0,0.00,0.0
2026-08-14 05:31:07,弱気,ドンチャン55/20,1000000,0,1000000,0,0.00,0.0
2026-08-14 06:01:21,弱気,ドンチャン55/20,1000000,0,1000000,0,0.00,0.0
2026-08-14 06:29:25,弱気,ドンチャン55/20,1000000,0,1000000,0,0.00,0.0
2026-08-14 06:31:03,弱気,ドンチャン55/20,1000000,0,1000000,0,0.00,0.0
2026-08-14 07:01:17,弱気,ドンチャン55/20,1000000,0,1000000,0,0.00,0.0
2026-08-14 07:25:17,弱気,ドンチャン55/20,1000000,0,1000000,0,0.00,0.0
2026-08-14 07:31:06,弱気,ドンチャン55/20,1000000,0,1000000,0,0.00,0.0
2026-08-14 08:01:19,弱気,ドンチャン55/20,1000000,0,1000000,0,0.00,0.0
2026-08-14 08:25:23,弱気,ドンチャン55/20,1000000,0,1000000,0,0.00,0.0
2026-08-14 08:31:03,弱気,ドンチャン55/20,1000000,0,1000000,0,0.00,0.0
2026-08-14 09:31:04,弱気,ドンチャン55/20,1000000,0,1000000,0,0.00,0.0
2026-08-14 09:44:10,弱気,ドンチャン55/20,1000000,0,1000000,0,0.00,0.0
2026-08-14 10:01:16,弱気,ドンチャン55/20,1000000,0,1000000,0,0.00,0.0
2026-08-14 10:30:59,弱気,ドンチャン55/20,1000000,0,1000000,0,0.00,0.0
2026-08-14 11:01:14,弱気,ドンチャン55/20,1000000,0,1000000,0,0.00,0.0
2026-08-14 11:31:05,弱気,ドンチャン55/20,1000000,0,1000000,0,0.00,0.0
2026-08-14 12:01:14,弱気,ドンチャン55/20,1000000,0,1000000,0,0.00,0.0
2026-08-14 12:14:24,弱気,ドンチャン55/20,1000000,0,1000000,0,0.00,0.0
2026-08-14 12:31:00,弱気,ドンチャン55/20,1000000,0,1000000,0,0.00,0.0
2026-08-14 13:01:17,弱気,ドンチャン55/20,1000000,0,1000000,0,0.00,0.0
2026-08-14 13:31:02,弱気,ドンチャン55/20,1000000,0,1000000,0,0.00,0.0
2026-08-14 14:01:13,弱気,ドンチャン55/20,1000000,0,1000000,0,0.00,0.0
2026-08-14 14:06:42,弱気,ドンチャン55/20,1000000,0,1000000,0,0.00,0.0
2026-08-14 14:31:02,弱気,ドンチャン55/20,1000000,0,1000000,0,0.00,0.0
2026-08-14 15:01:22,弱気,ドンチャン55/20,1000000,0,1000000,0,0.00,0.0
2026-08-14 15:31:08,弱気,ドンチャン55/20,1000000,0,1000000,0,0.00,0.0
2026-08-14 15:43:20,弱気,ドンチャン55/20,1000000,0,1000000,0,0.00,0.0
2026-08-14 16:01:21,弱気,ドンチャン55/20,1000000,0,1000000,0,0.00,0.0
2026-08-14 16:31:03,弱気,ドンチャン55/20,1000000,0,1000000,0,0.00,0.0
2026-08-14 17:01:24,弱気,ドンチャン55/20,1000000,0,1000000,0,0.00,0.0
2026-08-14 17:03:04,弱気,ドンチャン55/20,1000000,0,1000000,0,0.00,0.0
2026-08-14 17:31:06,弱気,ドンチャン55/20,1000000,0,1000000,0,0.00,0.0
2026-08-14 18:01:27,弱気,ドンチャン55/20,1000000,0,1000000,0,0.00,0.0
2026-08-14 18:28:40,弱気,ドンチャン55/20,1000000,0,1000000,0,0.00,0.0
2026-08-14 18:31:11,弱気,ドンチャン55/20,1000000,0,1000000,0,0.00,0.0
2026-08-14 19:01:29,弱気,ドンチャン55/20,1000000,0,1000000,0,0.00,0.0
2026-08-14 19:31:07,弱気,ドンチャン55/20,1000000,0,1000000,0,0.00,0.0
2026-08-14 19:40:33,弱気,ドンチャン55/20,1000000,0,1000000,0,0.00,0.0
2026-08-14 20:01:18,弱気,ドンチャン55/20,1000000,0,1000000,0,0.00,0.0
2026-08-14 20:29:50,弱気,ドンチャン55/20,1000000,0,1000000,0,0.00,0.0
2026-08-14 20:31:00,弱気,ドンチャン55/20,1000000,0,1000000,0,0.00,0.0
2026-08-14 21:01:21,弱気,ドンチャン55/20,1000000,0,1000000,0,0.00,0.0
2026-08-14 21:29:25,弱気,ドンチャン55/20,1000000,0,1000000,0,0.00,0.0
2026-08-14 21:31:01,弱気,ドンチャン55/20,1000000,0,1000000,0,0.00,0.0
2026-08-14 22:01:19,弱気,ドンチャン55/20,1000000,0,1000000,0,0.00,0.0
2026-08-14 22:31:07,弱気,ドンチャン55/20,1000000,0,1000000,0,0.00,0.0
2026-08-14 23:01:17,弱気,ドンチャン55/20,1000000,0,1000000,0,0.00,0.0
2026-08-14 23:03:31,弱気,ドンチャン55/20,1000000,0,1000000,0,0.00,0.0
2026-08-14 23:31:06,弱気,ドンチャン55/20,1000000,0,1000000,0,0.00,0.0
2026-08-15 00:01:20,弱気,ドンチャン55/20,1000000,0,1000000,0,0.00,0.0
2026-08-15 00:08:06,弱気,ドンチャン55/20,1000000,0,1000000,0,0.00,0.0
2026-08-15 00:31:10,弱気,ドンチャン55/20,1000000,0,1000000,0,0.00,0.0
2026-08-15 01:01:19,弱気,ドンチャン55/20,1000000,0,1000000,0,0.00,0.0
2026-08-15 01:07:17,弱気,ドンチャン55/20,1000000,0,1000000,0,0.00,0.0
2026-08-15 01:31:03,弱気,ドンチャン55/20,1000000,0,1000000,0,0.00,0.0
2026-08-15 02:01:20,弱気,ドンチャン55/20,1000000,0,1000000,0,0.00,0.0
2026-08-15 02:12:58,弱気,ドンチャン55/20,1000000,0,1000000,0,0.00,0.0
2026-08-15 02:31:07,弱気,ドンチャン55/20,1000000,0,1000000,0,0.00,0.0
2026-08-15 03:01:16,弱気,ドンチャン55/20,1000000,0,1000000,0,0.00,0.0
2026-08-15 03:07:52,弱気,ドンチャン55/20,1000000,0,1000000,0,0.00,0.0
2026-08-15 03:31:02,弱気,ドンチャン55/20,1000000,0,1000000,0,0.00,0.0
2026-08-15 04:01:12,弱気,ドンチャン55/20,1000000,0,1000000,0,0.00,0.0
2026-08-15 04:15:19,弱気,ドンチャン55/20,1000000,0,1000000,0,0.00,0.0
2026-08-15 04:31:10,弱気,ドンチャン55/20,1000000,0,1000000,0,0.00,0.0
2026-08-15 04:58:37,弱気,ドンチャン55/20,1000000,0,1000000,0,0.00,0.0
2026-08-15 05:01:10,弱気,ドンチャン55/20,1000000,0,1000000,0,0.00,0.0
2026-08-15 05:31:02,弱気,ドンチャン55/20,1000000,0,1000000,0,0.00,0.0
2026-08-15 05:46:30,弱気,ドンチャン55/20,1000000,0,1000000,0,0.00,0.0
2026-08-15 06:01:12,弱気,ドンチャン55/20,1000000,0,1000000,0,0.00,0.0
2026-08-15 06:10:33,弱気,ドンチャン55/20,1000000,0,1000000,0,0.00,0.0
2026-08-15 06:31:07,弱気,ドンチャン55/20,1000000,0,1000000,0,0.00,0.0
2026-08-15 06:42:26,弱気,ドンチャン55/20,1000000,0,1000000,0,0.00,0.0
2026-08-15 07:00:10,弱気,ドンチャン55/20,1000000,0,1000000,0,0.00,0.0
2026-08-15 07:01:17,弱気,ドンチャン55/20,1000000,0,1000000,0,0.00,0.0
2026-08-15 07:31:05,弱気,ドンチャン55/20,1000000,0,1000000,0,0.00,0.0
2026-08-15 07:42:10,弱気,ドンチャン55/20,1000000,0,1000000,0,0.00,0.0
2026-08-15 08:00:45,弱気,ドンチャン55/20,1000000,0,1000000,0,0.00,0.0
2026-08-15 08:01:14,弱気,ドンチャン55/20,1000000,0,1000000,0,0.00,0.0
2026-08-15 08:30:58,弱気,ドンチャン55/20,1000000,0,1000000,0,0.00,0.0
2026-08-15 08:37:25,弱気,ドンチャン55/20,1000000,0,1000000,0,0.00,0.0
2026-08-15 09:01:25,弱気,ドンチャン55/20,1000000,0,1000000,0,0.00,0.0
2026-08-15 09:31:02,弱気,ドンチャン55/20,1000000,0,1000000,0,0.00,0.0
2026-08-15 10:01:15,弱気,ドンチャン55/20,1000000,0,1000000,0,0.00,0.0
2026-08-15 10:31:09,弱気,ドンチャン55/20,1000000,0,1000000,0,0.00,0.0
2026-08-15 10:50:25,弱気,ドンチャン55/20,1000000,0,1000000,0,0.00,0.0
2026-08-15 11:01:12,弱気,ドンチャン55/20,1000000,0,1000000,0,0.00,0.0
2026-08-15 11:31:32,弱気,ドンチャン55/20,1000000,0,1000000,0,0.00,0.0
2026-08-15 12:01:15,弱気,ドンチャン55/20,1000000,0,1000000,0,0.00,0.0
2026-08-15 12:06:02,弱気,ドンチャン55/20,1000000,0,1000000,0,0.00,0.0
2026-08-15 12:31:08,弱気,ドンチャン55/20,1000000,0,1000000,0,0.00,0.0
2026-08-15 12:55:40,弱気,ドンチャン55/20,1000000,0,1000000,0,0.00,0.0
2026-08-15 13:01:22,弱気,ドンチャン55/20,1000000,0,1000000,0,0.00,0.0
2026-08-15 13:31:08,弱気,ドンチャン55/20,1000000,0,1000000,0,0.00,0.0
2026-08-15 13:48:40,弱気,ドンチャン55/20,1000000,0,1000000,0,0.00,0.0
2026-08-15 14:01:16,弱気,ドンチャン55/20,1000000,0,1000000,0,0.00,0.0
2026-08-15 14:31:05,弱気,ドンチャン55/20,1000000,0,1000000,0,0.00,0.0
2026-08-15 14:42:36,弱気,ドンチャン55/20,1000000,0,1000000,0,0.00,0.0
2026-08-15 15:01:10,弱気,ドンチャン55/20,1000000,0,1000000,0,0.00,0.0
2026-08-15 15:01:46,弱気,ドンチャン55/20,1000000,0,1000000,0,0.00,0.0
2026-08-15 15:31:03,弱気,ドンチャン55/20,1000000,0,1000000,0,0.00,0.0
2026-08-15 15:58:34,弱気,ドンチャン55/20,1000000,0,1000000,0,0.00,0.0
2026-08-15 16:01:14,弱気,ドンチャン55/20,1000000,0,1000000,0,0.00,0.0
2026-08-15 16:31:04,弱気,ドンチャン55/20,1000000,0,1000000,0,0.00,0.0
2026-08-15 16:45:02,弱気,ドンチャン55/20,1000000,0,1000000,0,0.00,0.0
2026-08-15 17:01:15,弱気,ドンチャン55/20,1000000,0,1000000,0,0.00,0.0
2026-08-15 17:02:35,弱気,ドンチャン55/20,1000000,0,1000000,0,0.00,0.0
2026-08-15 17:31:06,弱気,ドンチャン55/20,1000000,0,1000000,0,0.00,0.0
2026-08-15 17:46:18,弱気,ドンチャン55/20,1000000,0,1000000,0,0.00,0.0
2026-08-15 18:01:13,弱気,ドンチャン55/20,1000000,0,1000000,0,0.00,0.0
2026-08-15 18:10:57,弱気,ドンチャン55/20,1000000,0,1000000,0,0.00,0.0
2026-08-15 18:31:00,弱気,ドンチャン55/20,1000000,0,1000000,0,0.00,0.0
2026-08-15 18:42:21,弱気,ドンチャン55/20,1000000,0,1000000,0,0.00,0.0
2026-08-15 19:00:25,弱気,ドンチャン55/20,1000000,0,1000000,0,0.00,0.0
2026-08-15 19:01:19,弱気,ドンチャン55/20,1000000,0,1000000,0,0.00,0.0
2026-08-15 19:31:04,弱気,ドンチャン55/20,1000000,0,1000000,0,0.00,0.0
2026-08-15 19:41:10,弱気,ドンチャン55/20,1000000,0,1000000,0,0.00,0.0
2026-08-15 19:59:38,弱気,ドンチャン55/20,1000000,0,1000000,0,0.00,0.0
2026-08-15 20:01:13,弱気,ドンチャン55/20,1000000,0,1000000,0,0.00,0.0
2026-08-15 20:31:04,弱気,ドンチャン55/20,1000000,0,1000000,0,0.00,0.0
2026-08-15 20:35:08,弱気,ドンチャン55/20,1000000,0,1000000,0,0.00,0.0
2026-08-15 20:57:39,弱気,ドンチャン55/20,1000000,0,1000000,0,0.00,0.0
2026-08-15 21:01:17,弱気,ドンチャン55/20,1000000,0,1000000,0,0.00,0.0
2026-08-15 21:30:59,弱気,ドンチャン55/20,1000000,0,1000000,0,0.00,0.0
2026-08-15 21:59:58,弱気,ドンチャン55/20,1000000,0,1000000,0,0.00,0.0
2026-08-15 22:01:16,弱気,ドンチャン55/20,1000000,0,1000000,0,0.00,0.0
2026-08-15 22:31:06,弱気,ドンチャン55/20,1000000,0,1000000,0,0.00,0.0
2026-08-15 22:44:34,弱気,ドンチャン55/20,1000000,0,1000000,0,0.00,0.0
2026-08-15 23:01:17,弱気,ドンチャン55/20,1000000,0,1000000,0,0.00,0.0
2026-08-15 23:01:49,弱気,ドンチャン55/20,1000000,0,1000000,0,0.00,0.0
2026-08-15 23:31:02,弱気,ドンチャン55/20,1000000,0,1000000,0,0.00,0.0
2026-08-15 23:40:38,弱気,ドンチャン55/20,1000000,0,1000000,0,0.00,0.0
2026-08-15 23:59:53,弱気,ドンチャン55/20,1000000,0,1000000,0,0.00,0.0
2026-08-16 00:01:11,弱気,ドンチャン55/20,1000000,0,1000000,0,0.00,0.0
2026-08-16 00:31:02,弱気,ドンチャン55/20,1000000,0,1000000,0,0.00,0.0
2026-08-16 00:35:48,弱気,ドンチャン55/20,1000000,0,1000000,0,0.00,0.0
2026-08-16 00:57:36,弱気,ドンチャン55/20,1000000,0,1000000,0,0.00,0.0
2026-08-16 01:01:15,弱気,ドンチャン55/20,1000000,0,1000000,0,0.00,0.0
2026-08-16 01:31:05,弱気,ドンチャン55/20,1000000,0,1000000,0,0.00,0.0
2026-08-16 01:42:57,弱気,ドンチャン55/20,1000000,0,1000000,0,0.00,0.0
2026-08-16 02:01:15,弱気,ドンチャン55/20,1000000,0,1000000,0,0.00,0.0
2026-08-16 02:01:50,弱気,ドンチャン55/20,1000000,0,1000000,0,0.00,0.0
2026-08-16 02:31:01,弱気,ドンチャン55/20,1000000,0,1000000,0,0.00,0.0
2026-08-16 02:35:51,弱気,ドンチャン55/20,1000000,0,1000000,0,0.00,0.0
2026-08-16 02:58:12,弱気,ドンチャン55/20,1000000,0,1000000,0,0.00,0.0
2026-08-16 03:01:17,弱気,ドンチャン55/20,1000000,0,1000000,0,0.00,0.0
2026-08-16 03:31:04,弱気,ドンチャン55/20,1000000,0,1000000,0,0.00,0.0
2026-08-16 03:48:22,弱気,ドンチャン55/20,1000000,0,1000000,0,0.00,0.0
2026-08-16 04:01:24,弱気,ドンチャン55/20,1000000,0,1000000,0,0.00,0.0
2026-08-16 04:31:01,弱気,ドンチャン55/20,1000000,0,1000000,0,0.00,0.0
2026-08-16 04:35:18,弱気,ドンチャン55/20,1000000,0,1000000,0,0.00,0.0
2026-08-16 04:57:32,弱気,ドンチャン55/20,1000000,0,1000000,0,0.00,0.0
2026-08-16 05:01:12,弱気,ドンチャン55/20,1000000,0,1000000,0,0.00,0.0
2026-08-16 05:30:59,弱気,ドンチャン55/20,1000000,0,1000000,0,0.00,0.0
2026-08-16 05:40:05,弱気,ドンチャン55/20,1000000,0,1000000,0,0.00,0.0
2026-08-16 05:59:44,弱気,ドンチャン55/20,1000000,0,1000000,0,0.00,0.0
2026-08-16 06:01:13,弱気,ドンチャン55/20,1000000,0,1000000,0,0.00,0.0
2026-08-16 06:31:06,弱気,ドンチャン55/20,1000000,0,1000000,0,0.00,0.0
2026-08-16 06:36:04,弱気,ドンチャン55/20,1000000,0,1000000,0,0.00,0.0
2026-08-16 06:57:59,弱気,ドンチャン55/20,1000000,0,1000000,0,0.00,0.0
2026-08-16 07:01:14,弱気,ドンチャン55/20,1000000,0,1000000,0,0.00,0.0
2026-08-16 07:31:05,弱気,ドンチャン55/20,1000000,0,1000000,0,0.00,0.0
2026-08-16 07:39:04,弱気,ドンチャン55/20,1000000,0,1000000,0,0.00,0.0
2026-08-16 07:59:11,弱気,ドンチャン55/20,1000000,0,1000000,0,0.00,0.0
2026-08-16 08:01:16,弱気,ドンチャン55/20,1000000,0,1000000,0,0.00,0.0
2026-08-16 08:31:02,弱気,ドンチャン55/20,1000000,0,1000000,0,0.00,0.0
2026-08-16 08:35:20,弱気,ドンチャン55/20,1000000,0,1000000,0,0.00,0.0
2026-08-16 08:57:55,弱気,ドンチャン55/20,1000000,0,1000000,0,0.00,0.0
2026-08-16 09:01:18,弱気,ドンチャン55/20,1000000,0,1000000,0,0.00,0.0
2026-08-16 09:31:01,弱気,ドンチャン55/20,1000000,0,1000000,0,0.00,0.0
2026-08-16 10:01:16,弱気,ドンチャン55/20,1000000,0,1000000,0,0.00,0.0
2026-08-16 10:31:06,弱気,ドンチャン55/20,1000000,0,1000000,0,0.00,0.0
2026-08-16 10:58:30,弱気,ドンチャン55/20,1000000,0,1000000,0,0.00,0.0
2026-08-16 11:01:09,弱気,ドンチャン55/20,1000000,0,1000000,0,0.00,0.0
2026-08-16 11:31:02,弱気,ドンチャン55/20,1000000,0,1000000,0,0.00,0.0
2026-08-16 12:01:18,弱気,ドンチャン55/20,1000000,0,1000000,0,0.00,0.0
2026-08-16 12:13:45,弱気,ドンチャン55/20,1000000,0,1000000,0,0.00,0.0
2026-08-16 12:31:03,弱気,ドンチャン55/20,1000000,0,1000000,0,0.00,0.0
2026-08-16 13:01:15,弱気,ドンチャン55/20,1000000,0,1000000,0,0.00,0.0
2026-08-16 13:01:55,弱気,ドンチャン55/20,1000000,0,1000000,0,0.00,0.0
2026-08-16 13:31:00,弱気,ドンチャン55/20,1000000,0,1000000,0,0.00,0.0
2026-08-16 13:50:54,弱気,ドンチャン55/20,1000000,0,1000000,0,0.00,0.0
2026-08-16 14:01:16,弱気,ドンチャン55/20,1000000,0,1000000,0,0.00,0.0
2026-08-16 14:35:58,弱気,ドンチャン55/20,1000000,0,1000000,0,0.00,0.0
2026-08-16 14:44:58,弱気,ドンチャン55/20,1000000,0,1000000,0,0.00,0.0
2026-08-16 15:01:14,弱気,ドンチャン55/20,1000000,0,1000000,0,0.00,0.0
2026-08-16 15:03:44,弱気,ドンチャン55/20,1000000,0,1000000,0,0.00,0.0
2026-08-16 15:31:02,弱気,ドンチャン55/20,1000000,0,1000000,0,0.00,0.0
2026-08-16 16:00:10,弱気,ドンチャン55/20,1000000,0,1000000,0,0.00,0.0
2026-08-16 16:01:18,弱気,ドンチャン55/20,1000000,0,1000000,0,0.00,0.0
2026-08-16 16:31:02,弱気,ドンチャン55/20,1000000,0,1000000,0,0.00,0.0
2026-08-16 16:46:13,弱気,ドンチャン55/20,1000000,0,1000000,0,0.00,0.0
2026-08-16 17:01:13,弱気,ドンチャン55/20,1000000,0,1000000,0,0.00,0.0
2026-08-16 17:03:46,弱気,ドンチャン55/20,1000000,0,1000000,0,0.00,0.0
2026-08-16 17:31:02,弱気,ドンチャン55/20,1000000,0,1000000,0,0.00,0.0
2026-08-16 17:48:21,弱気,ドンチャン55/20,1000000,0,1000000,0,0.00,0.0
2026-08-16 18:01:13,弱気,ドンチャン55/20,1000000,0,1000000,0,0.00,0.0
2026-08-16 18:31:01,弱気,ドンチャン55/20,1000000,0,1000000,0,0.00,0.0
2026-08-16 18:43:53,弱気,ドンチャン55/20,1000000,0,1000000,0,0.00,0.0
2026-08-16 19:01:20,弱気,ドンチャン55/20,1000000,0,1000000,0,0.00,0.0
2026-08-16 19:01:53,弱気,ドンチャン55/20,1000000,0,1000000,0,0.00,0.0
2026-08-16 19:31:02,弱気,ドンチャン55/20,1000000,0,1000000,0,0.00,0.0
2026-08-16 19:41:43,弱気,ドンチャン55/20,1000000,0,1000000,0,0.00,0.0
2026-08-16 20:00:38,弱気,ドンチャン55/20,1000000,0,1000000,0,0.00,0.0
2026-08-16 20:01:12,弱気,ドンチャン55/20,1000000,0,1000000,0,0.00,0.0
2026-08-16 20:31:01,弱気,ドンチャン55/20,1000000,0,1000000,0,0.00,0.0
2026-08-16 20:34:43,弱気,ドンチャン55/20,1000000,0,1000000,0,0.00,0.0
2026-08-16 20:58:01,弱気,ドンチャン55/20,1000000,0,1000000,0,0.00,0.0
2026-08-16 21:01:17,弱気,ドンチャン55/20,1000000,0,1000000,0,0.00,0.0
2026-08-16 21:31:03,弱気,ドンチャン55/20,1000000,0,1000000,0,0.00,0.0
2026-08-16 22:01:12,弱気,ドンチャン55/20,1000000,0,1000000,0,0.00,0.0
2026-08-16 22:02:12,弱気,ドンチャン55/20,1000000,0,1000000,0,0.00,0.0
2026-08-16 22:31:01,弱気,ドンチャン55/20,1000000,0,1000000,0,0.00,0.0
2026-08-16 22:45:43,弱気,ドンチャン55/20,1000000,0,1000000,0,0.00,0.0
2026-08-16 23:01:14,弱気,ドンチャン55/20,1000000,0,1000000,0,0.00,0.0
2026-08-16 23:03:07,弱気,ドンチャン55/20,1000000,0,1000000,0,0.00,0.0
2026-08-16 23:31:01,弱気,ドンチャン55/20,1000000,0,1000000,0,0.00,0.0
2026-08-16 23:40:28,弱気,ドンチャン55/20,1000000,0,1000000,0,0.00,0.0
2026-08-17 00:00:24,弱気,ドンチャン55/20,1000000,0,1000000,0,0.00,0.0
2026-08-17 00:01:17,弱気,ドンチャン55/20,1000000,0,1000000,0,0.00,0.0
2026-08-17 00:30:59,弱気,ドンチャン55/20,1000000,0,1000000,0,0.00,0.0
2026-08-17 00:37:14,弱気,ドンチャン55/20,1000000,0,1000000,0,0.00,0.0
2026-08-17 00:58:39,弱気,ドンチャン55/20,1000000,0,1000000,0,0.00,0.0
2026-08-17 01:01:17,弱気,ドンチャン55/20,1000000,0,1000000,0,0.00,0.0
2026-08-17 01:31:00,弱気,ドンチャン55/20,1000000,0,1000000,0,0.00,0.0
2026-08-17 01:43:14,弱気,ドンチャン55/20,1000000,0,1000000,0,0.00,0.0
2026-08-17 02:01:16,弱気,ドンチャン55/20,1000000,0,1000000,0,0.00,0.0
2026-08-17 02:02:20,弱気,ドンチャン55/20,1000000,0,1000000,0,0.00,0.0
2026-08-17 02:30:58,弱気,ドンチャン55/20,1000000,0,1000000,0,0.00,0.0
2026-08-17 02:34:31,弱気,ドンチャン55/20,1000000,0,1000000,0,0.00,0.0
2026-08-17 02:57:21,弱気,ドンチャン55/20,1000000,0,1000000,0,0.00,0.0
2026-08-17 03:01:11,弱気,ドンチャン55/20,1000000,0,1000000,0,0.00,0.0
2026-08-17 03:31:06,弱気,ドンチャン55/20,1000000,0,1000000,0,0.00,0.0
2026-08-17 03:48:12,弱気,ドンチャン55/20,1000000,0,1000000,0,0.00,0.0
2026-08-17 04:01:15,弱気,ドンチャン55/20,1000000,0,1000000,0,0.00,0.0
2026-08-17 04:31:00,弱気,ドンチャン55/20,1000000,0,1000000,0,0.00,0.0
2026-08-17 04:34:48,弱気,ドンチャン55/20,1000000,0,1000000,0,0.00,0.0
2026-08-17 04:56:47,弱気,ドンチャン55/20,1000000,0,1000000,0,0.00,0.0
2026-08-17 05:01:13,弱気,ドンチャン55/20,1000000,0,1000000,0,0.00,0.0
2026-08-17 05:31:02,弱気,ドンチャン55/20,1000000,0,1000000,0,0.00,0.0
2026-08-17 05:39:02,弱気,ドンチャン55/20,1000000,0,1000000,0,0.00,0.0
2026-08-17 05:59:32,弱気,ドンチャン55/20,1000000,0,1000000,0,0.00,0.0
2026-08-17 06:01:17,弱気,ドンチャン55/20,1000000,0,1000000,0,0.00,0.0
2026-08-17 06:31:02,弱気,ドンチャン55/20,1000000,0,1000000,0,0.00,0.0
2026-08-17 06:34:52,弱気,ドンチャン55/20,1000000,0,1000000,0,0.00,0.0
2026-08-17 06:57:22,弱気,ドンチャン55/20,1000000,0,1000000,0,0.00,0.0
2026-08-17 07:01:19,弱気,ドンチャン55/20,1000000,0,1000000,0,0.00,0.0
2026-08-17 07:31:02,弱気,ドンチャン55/20,1000000,0,1000000,0,0.00,0.0
2026-08-17 07:37:51,弱気,ドンチャン55/20,1000000,0,1000000,0,0.00,0.0
2026-08-17 07:58:43,弱気,ドンチャン55/20,1000000,0,1000000,0,0.00,0.0
2026-08-17 08:01:18,弱気,ドンチャン55/20,1000000,0,1000000,0,0.00,0.0
2026-08-17 08:31:01,弱気,ドンチャン55/20,1000000,0,1000000,0,0.00,0.0
2026-08-17 08:34:34,弱気,ドンチャン55/20,1000000,0,1000000,0,0.00,0.0
2026-08-17 08:57:28,弱気,ドンチャン55/20,1000000,0,1000000,0,0.00,0.0
2026-08-17 09:31:00,弱気,ドンチャン55/20,1000000,0,1000000,0,0.00,0.0
2026-08-17 10:01:11,弱気,ドンチャン55/20,1000000,0,1000000,0,0.00,0.0
2026-08-17 10:30:59,弱気,ドンチャン55/20,1000000,0,1000000,0,0.00,0.0
2026-08-17 10:55:54,弱気,ドンチャン55/20,1000000,0,1000000,0,0.00,0.0
2026-08-17 11:01:17,弱気,ドンチャン55/20,1000000,0,1000000,0,0.00,0.0
2026-08-17 11:31:04,弱気,ドンチャン55/20,1000000,0,1000000,0,0.00,0.0
2026-08-17 12:01:16,弱気,ドンチャン55/20,1000000,0,1000000,0,0.00,0.0
2026-08-17 12:13:45,弱気,ドンチャン55/20,1000000,0,1000000,0,0.00,0.0
2026-08-17 12:31:02,弱気,ドンチャン55/20,1000000,0,1000000,0,0.00,0.0
2026-08-17 13:01:17,弱気,ドンチャン55/20,1000000,0,1000000,0,0.00,0.0
2026-08-17 13:05:20,弱気,ドンチャン55/20,1000000,0,1000000,0,0.00,0.0
2026-08-17 13:31:03,弱気,ドンチャン55/20,1000000,0,1000000,0,0.00,0.0
2026-08-17 13:59:36,弱気,ドンチャン55/20,1000000,0,1000000,0,0.00,0.0
2026-08-17 14:01:13,弱気,ドンチャン55/20,1000000,0,1000000,0,0.00,0.0
2026-08-17 14:31:03,弱気,ドンチャン55/20,1000000,0,1000000,0,0.00,0.0
2026-08-17 14:51:41,弱気,ドンチャン55/20,1000000,0,1000000,0,0.00,0.0
2026-08-17 15:01:17,弱気,ドンチャン55/20,1000000,0,1000000,0,0.00,0.0
2026-08-17 15:31:07,弱気,ドンチャン55/20,1000000,0,1000000,0,0.00,0.0
2026-08-17 16:01:16,弱気,ドンチャン55/20,1000000,0,1000000,0,0.00,0.0
2026-08-17 16:17:46,弱気,ドンチャン55/20,1000000,0,1000000,0,0.00,0.0
2026-08-17 16:31:07,弱気,ドンチャン55/20,1000000,0,1000000,0,0.00,0.0
2026-08-17 17:01:15,弱気,ドンチャン55/20,1000000,0,1000000,0,0.00,0.0
2026-08-17 17:24:56,弱気,ドンチャン55/20,1000000,0,1000000,0,0.00,0.0
2026-08-17 17:31:05,弱気,ドンチャン55/20,1000000,0,1000000,0,0.00,0.0
2026-08-17 18:01:18,弱気,ドンチャン55/20,1000000,0,1000000,0,0.00,0.0
2026-08-17 18:24:19,弱気,ドンチャン55/20,1000000,0,1000000,0,0.00,0.0
2026-08-17 18:31:04,弱気,ドンチャン55/20,1000000,0,1000000,0,0.00,0.0
2026-08-17 19:01:20,弱気,ドンチャン55/20,1000000,0,1000000,0,0.00,0.0
2026-08-17 19:16:00,弱気,ドンチャン55/20,1000000,0,1000000,0,0.00,0.0
2026-08-17 19:31:05,弱気,ドンチャン55/20,1000000,0,1000000,0,0.00,0.0
2026-08-17 19:51:03,弱気,ドンチャン55/20,1000000,0,1000000,0,0.00,0.0
2026-08-17 20:01:14,弱気,ドンチャン55/20,1000000,0,1000000,0,0.00,0.0
2026-08-17 20:31:05,弱気,ドンチャン55/20,1000000,0,1000000,0,0.00,0.0
2026-08-17 20:42:21,弱気,ドンチャン55/20,1000000,0,1000000,0,0.00,0.0
2026-08-17 21:01:03,弱気,ドンチャン55/20,1000000,0,1000000,0,0.00,0.0
2026-08-17 21:01:38,弱気,ドンチャン55/20,1000000,0,1000000,0,0.00,0.0
2026-08-17 21:31:04,弱気,ドンチャン55/20,1000000,0,1000000,0,0.00,0.0
2026-08-17 22:01:25,弱気,ドンチャン55/20,1000000,0,1000000,0,0.00,0.0
2026-08-17 22:07:00,弱気,ドンチャン55/20,1000000,0,1000000,0,0.00,0.0
2026-08-17 22:31:13,弱気,ドンチャン55/20,1000000,0,1000000,0,0.00,0.0
2026-08-17 22:53:57,弱気,ドンチャン55/20,1000000,0,1000000,0,0.00,0.0
2026-08-17 23:01:17,弱気,ドンチャン55/20,1000000,0,1000000,0,0.00,0.0
2026-08-17 23:31:08,弱気,ドンチャン55/20,1000000,0,1000000,0,0.00,0.0
2026-08-17 23:46:14,弱気,ドンチャン55/20,1000000,0,1000000,0,0.00,0.0
2026-08-18 00:01:18,弱気,ドンチャン55/20,1000000,0,1000000,0,0.00,0.0
2026-08-18 00:11:04,弱気,ドンチャン55/20,1000000,0,1000000,0,0.00,0.0
2026-08-18 00:31:05,弱気,ドンチャン55/20,1000000,0,1000000,0,0.00,0.0
2026-08-18 00:41:36,弱気,ドンチャン55/20,1000000,0,1000000,0,0.00,0.0
2026-08-18 01:00:28,弱気,ドンチャン55/20,1000000,0,1000000,0,0.00,0.0
2026-08-18 01:01:21,弱気,ドンチャン55/20,1000000,0,1000000,0,0.00,0.0
2026-08-18 01:31:07,弱気,ドンチャン55/20,1000000,0,1000000,0,0.00,0.0
2026-08-18 01:46:37,弱気,ドンチャン55/20,1000000,0,1000000,0,0.00,0.0
2026-08-18 02:01:17,弱気,ドンチャン55/20,1000000,0,1000000,0,0.00,0.0
2026-08-18 02:12:21,弱気,ドンチャン55/20,1000000,0,1000000,0,0.00,0.0
2026-08-18 02:46:39,弱気,ドンチャン55/20,1000000,0,1000000,0,0.00,0.0
2026-08-18 03:15:28,弱気,ドンチャン55/20,1000000,0,1000000,0,0.00,0.0
2026-08-18 03:31:03,弱気,ドンチャン55/20,1000000,0,1000000,0,0.00,0.0
2026-08-18 04:01:15,弱気,ドンチャン55/20,1000000,0,1000000,0,0.00,0.0
2026-08-18 04:01:53,弱気,ドンチャン55/20,1000000,0,1000000,0,0.00,0.0
2026-08-18 04:31:02,弱気,ドンチャン55/20,1000000,0,1000000,0,0.00,0.0
2026-08-18 04:43:30,弱気,ドンチャン55/20,1000000,0,1000000,0,0.00,0.0
2026-08-18 05:01:19,弱気,ドンチャン55/20,1000000,0,1000000,0,0.00,0.0
2026-08-18 05:02:09,弱気,ドンチャン55/20,1000000,0,1000000,0,0.00,0.0
2026-08-18 05:31:03,弱気,ドンチャン55/20,1000000,0,1000000,0,0.00,0.0
2026-08-18 05:44:59,弱気,ドンチャン55/20,1000000,0,1000000,0,0.00,0.0
2026-08-18 06:01:20,弱気,ドンチャン55/20,1000000,0,1000000,0,0.00,0.0
2026-08-18 06:09:03,弱気,ドンチャン55/20,1000000,0,1000000,0,0.00,0.0
2026-08-18 06:31:03,弱気,ドンチャン55/20,1000000,0,1000000,0,0.00,0.0
2026-08-18 06:42:44,弱気,ドンチャン55/20,1000000,0,1000000,0,0.00,0.0
2026-08-18 07:00:54,弱気,ドンチャン55/20,1000000,0,1000000,0,0.00,0.0
2026-08-18 07:01:24,弱気,ドンチャン55/20,1000000,0,1000000,0,0.00,0.0
2026-08-18 07:31:02,弱気,ドンチャン55/20,1000000,0,1000000,0,0.00,0.0
2026-08-18 07:42:49,弱気,ドンチャン55/20,1000000,0,1000000,0,0.00,0.0
2026-08-18 08:01:15,弱気,ドンチャン55/20,1000000,0,1000000,0,0.00,0.0
2026-08-18 08:01:48,弱気,ドンチャン55/20,1000000,0,1000000,0,0.00,0.0
2026-08-18 08:31:04,弱気,ドンチャン55/20,1000000,0,1000000,0,0.00,0.0
2026-08-18 08:38:47,弱気,ドンチャン55/20,1000000,0,1000000,0,0.00,0.0
2026-08-18 08:59:31,弱気,ドンチャン55/20,1000000,0,1000000,0,0.00,0.0
2026-08-18 09:01:17,弱気,ドンチャン55/20,1000000,0,1000000,0,0.00,0.0
2026-08-18 09:31:10,弱気,ドンチャン55/20,1000000,0,1000000,0,0.00,0.0
2026-08-18 10:01:18,弱気,ドンチャン55/20,1000000,0,1000000,0,0.00,0.0
2026-08-18 10:31:05,弱気,ドンチャン55/20,1000000,0,1000000,0,0.00,0.0
2026-08-18 10:51:55,弱気,ドンチャン55/20,1000000,0,1000000,0,0.00,0.0
2026-08-18 11:01:11,弱気,ドンチャン55/20,1000000,0,1000000,0,0.00,0.0
2026-08-18 11:31:03,弱気,ドンチャン55/20,1000000,0,1000000,0,0.00,0.0
2026-08-18 12:01:20,弱気,ドンチャン55/20,1000000,0,1000000,0,0.00,0.0
2026-08-18 12:09:19,弱気,ドンチャン55/20,1000000,0,1000000,0,0.00,0.0
2026-08-18 12:31:05,弱気,ドンチャン55/20,1000000,0,1000000,0,0.00,0.0
2026-08-18 12:59:09,弱気,ドンチャン55/20,1000000,0,1000000,0,0.00,0.0
2026-08-18 13:01:20,弱気,ドンチャン55/20,1000000,0,1000000,0,0.00,0.0
2026-08-18 13:31:09,弱気,ドンチャン55/20,1000000,0,1000000,0,0.00,0.0
2026-08-18 13:53:38,弱気,ドンチャン55/20,1000000,0,1000000,0,0.00,0.0
2026-08-18 14:01:17,弱気,ドンチャン55/20,1000000,0,1000000,0,0.00,0.0
2026-08-18 14:31:04,弱気,ドンチャン55/20,1000000,0,1000000,0,0.00,0.0
2026-08-18 14:45:58,弱気,ドンチャン55/20,1000000,0,1000000,0,0.00,0.0
2026-08-18 15:01:12,弱気,ドンチャン55/20,1000000,0,1000000,0,0.00,0.0
2026-08-18 15:16:39,弱気,ドンチャン55/20,1000000,0,1000000,0,0.00,0.0
2026-08-18 15:31:07,弱気,ドンチャン55/20,1000000,0,1000000,0,0.00,0.0
2026-08-18 16:01:18,弱気,ドンチャン55/20,1000000,0,1000000,0,0.00,0.0
2026-08-18 16:09:20,弱気,ドンチャン55/20,1000000,0,1000000,0,0.00,0.0
2026-08-18 16:31:03,弱気,ドンチャン55/20,1000000,0,1000000,0,0.00,0.0
2026-08-18 16:55:46,弱気,ドンチャン55/20,1000000,0,1000000,0,0.00,0.0
2026-08-18 17:01:20,弱気,ドンチャン55/20,1000000,0,1000000,0,0.00,0.0
2026-08-18 17:31:07,弱気,ドンチャン55/20,1000000,0,1000000,0,0.00,0.0
2026-08-18 17:54:16,弱気,ドンチャン55/20,1000000,0,1000000,0,0.00,0.0
2026-08-18 18:01:16,弱気,ドンチャン55/20,1000000,0,1000000,0,0.00,0.0
2026-08-18 18:31:04,弱気,ドンチャン55/20,1000000,0,1000000,0,0.00,0.0
2026-08-18 18:49:10,弱気,ドンチャン55/20,1000000,0,1000000,0,0.00,0.0
2026-08-18 19:01:17,弱気,ドンチャン55/20,1000000,0,1000000,0,0.00,0.0
2026-08-18 19:31:04,弱気,ドンチャン55/20,1000000,0,1000000,0,0.00,0.0
2026-08-18 19:47:58,弱気,ドンチャン55/20,1000000,0,1000000,0,0.00,0.0
2026-08-18 20:01:18,弱気,ドンチャン55/20,1000000,0,1000000,0,0.00,0.0
2026-08-18 20:31:03,弱気,ドンチャン55/20,1000000,0,1000000,0,0.00,0.0
2026-08-18 20:42:47,弱気,ドンチャン55/20,1000000,0,1000000,0,0.00,0.0
2026-08-18 21:01:19,弱気,ドンチャン55/20,1000000,0,1000000,0,0.00,0.0
2026-08-18 21:02:03,弱気,ドンチャン55/20,1000000,0,1000000,0,0.00,0.0
2026-08-18 21:31:10,弱気,ドンチャン55/20,1000000,0,1000000,0,0.00,0.0
2026-08-18 22:01:22,弱気,ドンチャン55/20,1000000,0,1000000,0,0.00,0.0
2026-08-18 22:09:22,弱気,ドンチャン55/20,1000000,0,1000000,0,0.00,0.0
2026-08-18 22:57:51,弱気,ドンチャン55/20,1000000,0,1000000,0,0.00,0.0
2026-08-18 23:01:24,弱気,ドンチャン55/20,1000000,0,1000000,0,0.00,0.0
2026-08-18 23:31:08,弱気,ドンチャン55/20,1000000,0,1000000,0,0.00,0.0
2026-08-18 23:53:36,弱気,ドンチャン55/20,1000000,0,1000000,0,0.00,0.0
2026-08-19 00:01:22,弱気,ドンチャン55/20,1000000,0,1000000,0,0.00,0.0
2026-08-19 00:31:12,弱気,ドンチャン55/20,1000000,0,1000000,0,0.00,0.0
2026-08-19 00:47:21,弱気,ドンチャン55/20,1000000,0,1000000,0,0.00,0.0
2026-08-19 01:01:24,弱気,ドンチャン55/20,1000000,0,1000000,0,0.00,0.0
2026-08-19 01:13:19,弱気,ドンチャン55/20,1000000,0,1000000,0,0.00,0.0
2026-08-19 01:31:06,弱気,ドンチャン55/20,1000000,0,1000000,0,0.00,0.0
2026-08-19 01:49:52,弱気,ドンチャン55/20,1000000,0,1000000,0,0.00,0.0
2026-08-19 02:01:19,弱気,ドンチャン55/20,1000000,0,1000000,0,0.00,0.0
2026-08-19 02:31:10,弱気,ドンチャン55/20,1000000,0,1000000,0,0.00,0.0
2026-08-19 02:44:48,弱気,ドンチャン55/20,1000000,0,1000000,0,0.00,0.0
2026-08-19 03:01:19,弱気,ドンチャン55/20,1000000,0,1000000,0,0.00,0.0
2026-08-19 03:13:24,弱気,ドンチャン55/20,1000000,0,1000000,0,0.00,0.0
2026-08-19 03:31:03,弱気,ドンチャン55/20,1000000,0,1000000,0,0.00,0.0
2026-08-19 03:58:21,弱気,ドンチャン55/20,1000000,0,1000000,0,0.00,0.0
2026-08-19 04:01:27,弱気,ドンチャン55/20,1000000,0,1000000,0,0.00,0.0
2026-08-19 04:31:07,弱気,ドンチャン55/20,1000000,0,1000000,0,0.00,0.0
2026-08-19 04:41:29,弱気,ドンチャン55/20,1000000,0,1000000,0,0.00,0.0
2026-08-19 04:59:15,弱気,ドンチャン55/20,1000000,0,1000000,0,0.00,0.0
2026-08-19 05:01:16,弱気,ドンチャン55/20,1000000,0,1000000,0,0.00,0.0
2026-08-19 05:31:06,弱気,ドンチャン55/20,1000000,0,1000000,0,0.00,0.0
2026-08-19 05:41:48,弱気,ドンチャン55/20,1000000,0,1000000,0,0.00,0.0
2026-08-19 06:01:18,弱気,ドンチャン55/20,1000000,0,1000000,0,0.00,0.0
2026-08-19 06:01:50,弱気,ドンチャン55/20,1000000,0,1000000,0,0.00,0.0
2026-08-19 06:31:11,弱気,ドンチャン55/20,1000000,0,1000000,0,0.00,0.0
2026-08-19 06:39:33,弱気,ドンチャン55/20,1000000,0,1000000,0,0.00,0.0
2026-08-19 06:59:18,弱気,ドンチャン55/20,1000000,0,1000000,0,0.00,0.0
2026-08-19 07:01:19,弱気,ドンチャン55/20,1000000,0,1000000,0,0.00,0.0
2026-08-19 07:31:04,弱気,ドンチャン55/20,1000000,0,1000000,0,0.00,0.0
2026-08-19 07:42:50,弱気,ドンチャン55/20,1000000,0,1000000,0,0.00,0.0
2026-08-19 08:01:17,弱気,ドンチャン55/20,1000000,0,1000000,0,0.00,0.0
2026-08-19 08:02:25,弱気,ドンチャン55/20,1000000,0,1000000,0,0.00,0.0
2026-08-19 08:30:57,弱気,ドンチャン55/20,1000000,0,1000000,0,0.00,0.0
2026-08-19 08:37:50,弱気,ドンチャン55/20,1000000,0,1000000,0,0.00,0.0
2026-08-19 08:59:18,弱気,ドンチャン55/20,1000000,0,1000000,0,0.00,0.0
2026-08-19 09:31:06,弱気,ドンチャン55/20,1000000,0,1000000,0,0.00,0.0
2026-08-19 10:01:14,弱気,ドンチャン55/20,1000000,0,1000000,0,0.00,0.0
2026-08-19 10:31:03,弱気,ドンチャン55/20,1000000,0,1000000,0,0.00,0.0
2026-08-19 10:53:54,弱気,ドンチャン55/20,1000000,0,1000000,0,0.00,0.0
2026-08-19 11:01:19,弱気,ドンチャン55/20,1000000,0,1000000,0,0.00,0.0
2026-08-19 11:31:02,弱気,ドンチャン55/20,1000000,0,1000000,0,0.00,0.0
2026-08-19 12:01:18,弱気,ドンチャン55/20,1000000,0,1000000,0,0.00,0.0
2026-08-19 12:12:03,弱気,ドンチャン55/20,1000000,0,1000000,0,0.00,0.0
2026-08-19 12:31:05,弱気,ドンチャン55/20,1000000,0,1000000,0,0.00,0.0
2026-08-19 13:00:11,弱気,ドンチャン55/20,1000000,0,1000000,0,0.00,0.0
2026-08-19 13:01:16,弱気,ドンチャン55/20,1000000,0,1000000,0,0.00,0.0
2026-08-19 13:31:05,弱気,ドンチャン55/20,1000000,0,1000000,0,0.00,0.0
2026-08-19 13:53:15,弱気,ドンチャン55/20,1000000,0,1000000,0,0.00,0.0
2026-08-19 14:01:20,弱気,ドンチャン55/20,1000000,0,1000000,0,0.00,0.0
2026-08-19 14:31:04,弱気,ドンチャン55/20,1000000,0,1000000,0,0.00,0.0
2026-08-19 14:47:34,弱気,ドンチャン55/20,1000000,0,1000000,0,0.00,0.0
2026-08-19 15:01:17,弱気,ドンチャン55/20,1000000,0,1000000,0,0.00,0.0
2026-08-19 15:31:03,弱気,ドンチャン55/20,1000000,0,1000000,0,0.00,0.0
2026-08-19 16:01:20,弱気,ドンチャン55/20,1000000,0,1000000,0,0.00,0.0
2026-08-19 16:06:44,弱気,ドンチャン55/20,1000000,0,1000000,0,0.00,0.0
2026-08-19 16:31:00,弱気,ドンチャン55/20,1000000,0,1000000,0,0.00,0.0
2026-08-19 16:55:12,弱気,ドンチャン55/20,1000000,0,1000000,0,0.00,0.0
2026-08-19 17:01:15,弱気,ドンチャン55/20,1000000,0,1000000,0,0.00,0.0
2026-08-19 17:32:29,弱気,ドンチャン55/20,1000000,0,1000000,0,0.00,0.0
2026-08-19 17:55:40,弱気,ドンチャン55/20,1000000,0,1000000,0,0.00,0.0
2026-08-19 18:01:18,弱気,ドンチャン55/20,1000000,0,1000000,0,0.00,0.0
2026-08-19 18:31:04,弱気,ドンチャン55/20,1000000,0,1000000,0,0.00,0.0
2026-08-19 18:50:26,弱気,ドンチャン55/20,1000000,0,1000000,0,0.00,0.0
2026-08-19 19:01:19,弱気,ドンチャン55/20,1000000,0,1000000,0,0.00,0.0
2026-08-19 19:31:07,弱気,ドンチャン55/20,1000000,0,1000000,0,0.00,0.0
2026-08-19 19:47:19,弱気,ドンチャン55/20,1000000,0,1000000,0,0.00,0.0
2026-08-19 20:01:22,弱気,ドンチャン55/20,1000000,0,1000000,0,0.00,0.0
2026-08-19 20:10:44,弱気,ドンチャン55/20,1000000,0,1000000,0,0.00,0.0
2026-08-19 20:31:09,弱気,ドンチャン55/20,1000000,0,1000000,0,0.00,0.0
2026-08-19 20:42:01,弱気,ドンチャン55/20,1000000,0,1000000,0,0.00,0.0
2026-08-19 21:01:19,弱気,ドンチャン55/20,1000000,0,1000000,0,0.00,0.0
2026-08-19 21:01:54,弱気,ドンチャン55/20,1000000,0,1000000,0,0.00,0.0
2026-08-19 21:31:08,弱気,ドンチャン55/20,1000000,0,1000000,0,0.00,0.0
2026-08-19 22:01:18,弱気,ドンチャン55/20,1000000,0,1000000,0,0.00,0.0
2026-08-19 22:10:10,弱気,ドンチャン55/20,1000000,0,1000000,0,0.00,0.0
2026-08-19 22:31:07,弱気,ドンチャン55/20,1000000,0,1000000,0,0.00,0.0
2026-08-19 22:58:37,弱気,ドンチャン55/20,1000000,0,1000000,0,0.00,0.0
2026-08-19 23:01:18,弱気,ドンチャン55/20,1000000,0,1000000,0,0.00,0.0
2026-08-19 23:31:09,弱気,ドンチャン55/20,1000000,0,1000000,0,0.00,0.0
2026-08-19 23:53:54,弱気,ドンチャン55/20,1000000,0,1000000,0,0.00,0.0
2026-08-20 00:01:18,弱気,ドンチャン55/20,1000000,0,1000000,0,0.00,0.0
2026-08-20 00:31:08,強気,分散保有,1000000,0,1000000,0,0.00,0.0
2026-08-20 00:47:20,弱気,ドンチャン55/20,1000000,0,1000000,0,0.00,0.0
2026-08-20 01:01:19,弱気,ドンチャン55/20,1000000,0,1000000,0,0.00,0.0
2026-08-20 01:13:38,弱気,ドンチャン55/20,1000000,0,1000000,0,0.00,0.0
2026-08-20 01:31:07,弱気,ドンチャン55/20,1000000,0,1000000,0,0.00,0.0
2026-08-20 01:48:49,弱気,ドンチャン55/20,1000000,0,1000000,0,0.00,0.0
2026-08-20 02:01:22,弱気,ドンチャン55/20,1000000,0,1000000,0,0.00,0.0
2026-08-20 02:31:08,弱気,ドンチャン55/20,1000000,0,1000000,0,0.00,0.0
2026-08-20 02:42:13,弱気,ドンチャン55/20,1000000,0,1000000,0,0.00,0.0
2026-08-20 03:00:15,弱気,ドンチャン55/20,1000000,0,1000000,0,0.00,0.0
2026-08-20 03:01:22,弱気,ドンチャン55/20,1000000,0,1000000,0,0.00,0.0
2026-08-20 03:31:07,弱気,ドンチャン55/20,1000000,0,1000000,0,0.00,0.0
2026-08-20 03:54:34,弱気,ドンチャン55/20,1000000,0,1000000,0,0.00,0.0
2026-08-20 04:01:20,弱気,ドンチャン55/20,1000000,0,1000000,0,0.00,0.0
2026-08-20 04:31:07,弱気,ドンチャン55/20,1000000,0,1000000,0,0.00,0.0
2026-08-20 04:41:16,弱気,ドンチャン55/20,1000000,0,1000000,0,0.00,0.0
2026-08-20 05:00:36,弱気,ドンチャン55/20,1000000,0,1000000,0,0.00,0.0
2026-08-20 05:01:17,弱気,ドンチャン55/20,1000000,0,1000000,0,0.00,0.0
2026-08-20 05:31:05,弱気,ドンチャン55/20,1000000,0,1000000,0,0.00,0.0
2026-08-20 05:46:35,弱気,ドンチャン55/20,1000000,0,1000000,0,0.00,0.0
2026-08-20 06:01:21,弱気,ドンチャン55/20,1000000,0,1000000,0,0.00,0.0
2026-08-20 06:11:39,強気,分散保有,1000000,0,1000000,0,0.00,0.0
2026-08-20 06:31:06,強気,分散保有,1000000,0,1000000,0,0.00,0.0
2026-08-20 06:42:56,強気,分散保有,1000000,0,1000000,0,0.00,0.0
2026-08-20 07:01:18,強気,分散保有,1000000,0,1000000,0,0.00,0.0
2026-08-20 07:01:52,強気,分散保有,1000000,0,1000000,0,0.00,0.0
2026-08-20 07:31:03,弱気,ドンチャン55/20,1000000,0,1000000,0,0.00,0.0
2026-08-20 07:43:05,強気,分散保有,1000000,0,1000000,0,0.00,0.0
2026-08-20 08:01:16,弱気,ドンチャン55/20,1000000,0,1000000,0,0.00,0.0
2026-08-20 08:02:16,弱気,ドンチャン55/20,1000000,0,1000000,0,0.00,0.0
2026-08-20 08:31:02,強気,分散保有,1000000,0,1000000,0,0.00,0.0
2026-08-20 08:38:24,弱気,ドンチャン55/20,1000000,0,1000000,0,0.00,0.0
2026-08-20 08:59:46,弱気,ドンチャン55/20,1000000,0,1000000,0,0.00,0.0
2026-08-20 09:01:18,弱気,ドンチャン55/20,600000,399001,999001,-999,-0.10,39.9
2026-08-20 09:31:01,強気,分散保有,600000,401425,1001425,1425,0.14,40.1
2026-08-20 10:01:21,強気,分散保有,600000,400828,1000828,828,0.08,40.0
2026-08-20 10:31:07,強気,分散保有,600000,399655,999655,-345,-0.03,40.0
2026-08-20 10:52:36,強気,分散保有,600000,402731,1002731,2731,0.27,40.2
2026-08-20 11:01:14,強気,分散保有,600000,402174,1002174,2174,0.22,40.1
2026-08-20 11:30:58,強気,分散保有,600000,400638,1000638,638,0.06,40.0
2026-08-20 12:01:25,強気,分散保有,600000,399594,999594,-406,-0.04,40.0
2026-08-20 12:11:08,弱気,ドンチャン55/20,600000,398471,998471,-1529,-0.15,39.9
2026-08-20 12:31:06,弱気,ドンチャン55/20,600000,396997,996997,-3003,-0.30,39.8
2026-08-20 13:00:03,弱気,ドンチャン55/20,600000,398837,998837,-1163,-0.12,39.9
2026-08-20 13:01:21,弱気,ドンチャン55/20,600000,398980,998980,-1020,-0.10,39.9
2026-08-20 13:31:01,強気,分散保有,600000,399972,999972,-28,-0.00,40.0
2026-08-20 13:54:43,強気,分散保有,600000,400319,1000319,319,0.03,40.0
2026-08-20 14:01:14,強気,分散保有,600000,400250,1000250,250,0.03,40.0
2026-08-20 14:31:02,強気,分散保有,600000,401231,1001231,1231,0.12,40.1
2026-08-20 14:47:38,強気,分散保有,600000,400835,1000835,835,0.08,40.1
2026-08-20 15:01:16,強気,分散保有,600000,399809,999809,-191,-0.02,40.0
2026-08-20 15:31:07,強気,分散保有,600000,400709,1000709,709,0.07,40.0
2026-08-20 16:01:25,強気,分散保有,600000,401798,1001798,1798,0.18,40.1
2026-08-20 16:07:40,強気,分散保有,600000,401968,1001968,1968,0.20,40.1
2026-08-20 16:31:04,強気,分散保有,600000,400867,1000867,867,0.09,40.1
2026-08-20 16:57:59,強気,分散保有,600000,400726,1000726,726,0.07,40.0
2026-08-20 17:01:19,強気,分散保有,600000,400674,1000674,674,0.07,40.0
2026-08-20 17:31:04,強気,分散保有,600000,407956,1007956,7956,0.80,40.5
2026-08-20 17:57:16,強気,分散保有,600000,409410,1009410,9410,0.94,40.6
2026-08-20 18:01:21,強気,分散保有,600000,409113,1009113,9113,0.91,40.5
2026-08-20 18:31:09,強気,分散保有,600000,410293,1010293,10293,1.03,40.6
2026-08-20 18:51:10,強気,分散保有,600000,410293,1010293,10293,1.03,40.6
2026-08-20 19:01:18,強気,分散保有,600000,408559,1008559,8559,0.86,40.5
2026-08-20 19:31:03,強気,分散保有,600000,410183,1010183,10183,1.02,40.6
2026-08-20 19:48:28,強気,分散保有,600000,409615,1009615,9615,0.96,40.6
2026-08-20 20:01:25,強気,分散保有,600000,410177,1010177,10177,1.02,40.6
2026-08-20 20:31:04,強気,分散保有,600000,411301,1011301,11301,1.13,40.7
2026-08-20 20:44:29,強気,分散保有,600000,413801,1013801,13801,1.38,40.8
2026-08-20 21:01:21,強気,分散保有,600000,411357,1011357,11357,1.14,40.7
2026-08-20 21:15:13,強気,分散保有,600000,410011,1010011,10011,1.00,40.6
2026-08-20 21:31:07,強気,分散保有,600000,409998,1009998,9998,1.00,40.6
2026-08-20 22:01:22,強気,分散保有,600000,411034,1011034,11034,1.10,40.7
2026-08-20 22:14:51,強気,分散保有,600000,411343,1011343,11343,1.13,40.7
2026-08-20 22:31:12,強気,分散保有,600000,410952,1010952,10952,1.10,40.6
2026-08-20 23:01:26,強気,分散保有,600000,409535,1009535,9535,0.95,40.6
2026-08-20 23:01:58,強気,分散保有,600000,409542,1009542,9542,0.95,40.6
2026-08-20 23:31:03,強気,分散保有,600000,408992,1008992,8992,0.90,40.5
2026-08-20 23:56:10,強気,分散保有,600000,409879,1009879,9879,0.99,40.6
2026-08-21 00:01:25,強気,分散保有,600000,409657,1009657,9657,0.97,40.6
2026-08-21 00:31:10,強気,分散保有,600000,414425,1014425,14425,1.44,40.9
2026-08-21 00:50:00,強気,分散保有,600000,414313,1014313,14313,1.43,40.8
2026-08-21 01:01:25,強気,分散保有,600000,416642,1016642,16642,1.66,41.0
2026-08-21 01:31:07,強気,分散保有,600000,416526,1016526,16526,1.65,41.0
2026-08-21 01:51:48,強気,分散保有,600000,418702,1018702,18702,1.87,41.1
2026-08-21 02:01:20,強気,分散保有,600000,419225,1019225,19225,1.92,41.1
2026-08-21 02:31:09,強気,分散保有,600000,419457,1019457,19457,1.95,41.1
2026-08-21 02:46:43,強気,分散保有,600000,419500,1019500,19500,1.95,41.1
2026-08-21 03:01:22,強気,分散保有,600000,420140,1020140,20140,2.01,41.2
2026-08-21 03:15:52,強気,分散保有,600000,417367,1017367,17367,1.74,41.0
2026-08-21 03:31:08,強気,分散保有,600000,418191,1018191,18191,1.82,41.1
2026-08-21 04:01:17,強気,分散保有,600000,416625,1016625,16625,1.66,41.0
2026-08-21 04:04:34,強気,分散保有,600000,416187,1016187,16187,1.62,41.0
2026-08-21 04:31:02,強気,分散保有,600000,417601,1017601,17601,1.76,41.0
2026-08-21 04:46:48,強気,分散保有,600000,418711,1018711,18711,1.87,41.1
2026-08-21 05:01:21,強気,分散保有,600000,417812,1017812,17812,1.78,41.1
2026-08-21 05:11:55,強気,分散保有,600000,417716,1017716,17716,1.77,41.0
2026-08-21 05:31:18,強気,分散保有,600000,418487,1018487,18487,1.85,41.1
2026-08-21 05:48:12,強気,分散保有,600000,417579,1017579,17579,1.76,41.0
2026-08-21 06:01:17,強気,分散保有,600000,417096,1017096,17096,1.71,41.0
2026-08-21 06:31:03,強気,分散保有,600000,417099,1017099,17099,1.71,41.0
2026-08-21 06:44:55,強気,分散保有,600000,417588,1017588,17588,1.76,41.0
2026-08-21 07:01:15,強気,分散保有,600000,417157,1017157,17157,1.72,41.0
2026-08-21 07:03:50,強気,分散保有,600000,417334,1017334,17334,1.73,41.0
2026-08-21 07:31:07,強気,分散保有,600000,416826,1016826,16826,1.68,41.0
2026-08-21 07:46:14,強気,分散保有,600000,416676,1016676,16676,1.67,41.0
2026-08-21 08:01:15,強気,分散保有,600000,416625,1016625,16625,1.66,41.0
2026-08-21 08:11:37,強気,分散保有,600000,417006,1017006,17006,1.70,41.0
2026-08-21 08:31:03,強気,分散保有,600000,419814,1019814,19814,1.98,41.2
2026-08-21 08:42:00,強気,分散保有,600000,418683,1018683,18683,1.87,41.1
2026-08-21 09:31:04,強気,分散保有,12,1021392,1021403,21403,2.14,100.0
2026-08-21 10:01:17,強気,分散保有,12,1018754,1018766,18766,1.88,100.0
2026-08-21 10:31:05,強気,分散保有,12,1026483,1026495,26495,2.65,100.0
2026-08-21 10:58:35,強気,分散保有,12,1035574,1035586,35586,3.56,100.0
2026-08-21 11:01:19,強気,分散保有,12,1033780,1033791,33791,3.38,100.0
2026-08-21 11:31:00,強気,分散保有,12,1031965,1031976,31976,3.20,100.0
2026-08-21 12:01:15,強気,分散保有,12,1029560,1029572,29572,2.96,100.0
2026-08-21 12:17:24,強気,分散保有,12,1029951,1029963,29963,3.00,100.0
2026-08-21 12:31:06,強気,分散保有,12,1032671,1032683,32683,3.27,100.0
2026-08-21 13:01:21,強気,分散保有,12,1034382,1034394,34394,3.44,100.0
2026-08-21 13:05:50,強気,分散保有,12,1034703,1034714,34714,3.47,100.0
2026-08-21 13:31:04,強気,分散保有,12,1033073,1033085,33085,3.31,100.0
2026-08-21 13:55:36,強気,分散保有,12,1037151,1037162,37162,3.72,100.0
2026-08-21 14:01:12,強気,分散保有,12,1038158,1038169,38169,3.82,100.0
2026-08-21 14:30:59,強気,分散保有,12,1037642,1037654,37654,3.77,100.0
2026-08-21 14:49:35,強気,分散保有,12,1037962,1037973,37973,3.80,100.0
2026-08-21 15:01:16,強気,分散保有,12,1040897,1040909,40909,4.09,100.0
2026-08-21 15:31:09,強気,分散保有,12,1040684,1040695,40695,4.07,100.0
2026-08-21 16:01:18,強気,分散保有,12,1040186,1040198,40198,4.02,100.0
2026-08-21 16:09:01,強気,分散保有,12,1042390,1042402,42402,4.24,100.0
2026-08-21 16:31:11,強気,分散保有,12,1047080,1047091,47091,4.71,100.0
2026-08-21 16:58:39,強気,分散保有,12,1045499,1045511,45511,4.55,100.0
2026-08-21 17:01:19,強気,分散保有,12,1044980,1044992,44992,4.50,100.0
2026-08-21 17:31:07,強気,分散保有,12,1059187,1059199,59199,5.92,100.0
2026-08-21 17:59:22,強気,分散保有,12,1082171,1082182,82182,8.22,100.0
2026-08-21 18:01:20,強気,分散保有,12,1082626,1082638,82638,8.26,100.0
2026-08-21 18:31:07,強気,分散保有,12,1064469,1064480,64480,6.45,100.0
2026-08-21 18:53:23,強気,分散保有,12,1077569,1077580,77580,7.76,100.0
2026-08-21 19:01:20,強気,分散保有,12,1078231,1078243,78243,7.82,100.0
2026-08-21 19:31:06,強気,分散保有,12,1066464,1066475,66475,6.65,100.0
2026-08-21 19:48:54,強気,分散保有,12,1067865,1067876,67876,6.79,100.0
2026-08-21 20:01:19,強気,分散保有,12,1070512,1070524,70524,7.05,100.0
2026-08-21 20:31:08,強気,分散保有,12,1065627,1065639,65639,6.56,100.0
2026-08-21 20:44:01,強気,分散保有,12,1060845,1060856,60856,6.09,100.0
2026-08-21 21:01:19,強気,分散保有,12,1056706,1056718,56718,5.67,100.0
2026-08-21 21:04:30,強気,分散保有,12,1053275,1053287,53287,5.33,100.0
2026-08-21 21:31:05,強気,分散保有,12,1056627,1056638,56638,5.66,100.0
2026-08-21 22:01:25,強気,分散保有,12,1063820,1063831,63831,6.38,100.0
2026-08-21 22:12:26,強気,分散保有,12,1064873,1064885,64885,6.49,100.0
2026-08-21 22:31:07,強気,分散保有,12,1064990,1065002,65002,6.50,100.0
2026-08-21 22:59:27,強気,分散保有,12,1072237,1072249,72249,7.22,100.0
2026-08-21 23:01:19,強気,分散保有,12,1071980,1071992,71992,7.20,100.0
2026-08-21 23:31:10,強気,分散保有,12,1069855,1069867,69867,6.99,100.0
2026-08-21 23:54:42,強気,分散保有,12,1073838,1073849,73849,7.38,100.0
2026-08-22 00:01:21,強気,分散保有,12,1074410,1074422,74422,7.44,100.0
2026-08-22 00:31:07,強気,分散保有,12,1078630,1078642,78642,7.86,100.0
2026-08-22 00:49:45,強気,分散保有,12,1076383,1076394,76394,7.64,100.0
2026-08-22 01:01:24,強気,分散保有,12,1072336,1072348,72348,7.23,100.0
2026-08-22 01:31:06,強気,分散保有,12,1073224,1073235,73235,7.32,100.0
2026-08-22 01:52:10,強気,分散保有,12,1072902,1072914,72914,7.29,100.0
2026-08-22 02:01:23,強気,分散保有,12,1074897,1074909,74909,7.49,100.0
2026-08-22 02:31:04,強気,分散保有,12,1073876,1073887,73887,7.39,100.0
2026-08-22 02:46:48,強気,分散保有,12,1072988,1073000,73000,7.30,100.0
2026-08-22 03:01:22,強気,分散保有,12,1075434,1075445,75445,7.54,100.0
2026-08-22 03:15:52,強気,分散保有,12,1075172,1075184,75184,7.52,100.0
2026-08-22 03:31:05,強気,分散保有,12,1077206,1077217,77217,7.72,100.0
2026-08-22 04:00:55,強気,分散保有,12,1069699,1069710,69710,6.97,100.0
2026-08-22 04:01:31,強気,分散保有,12,1069699,1069710,69710,6.97,100.0
2026-08-22 04:31:03,強気,分散保有,12,1072348,1072359,72359,7.24,100.0
2026-08-22 04:38:49,強気,分散保有,12,1071387,1071398,71398,7.14,100.0
2026-08-22 04:58:32,強気,分散保有,12,1067212,1067224,67224,6.72,100.0
2026-08-22 05:01:16,強気,分散保有,12,1066273,1066284,66284,6.63,100.0
2026-08-22 05:31:04,強気,分散保有,12,1075049,1075061,75061,7.51,100.0
2026-08-22 05:42:29,強気,分散保有,12,1072953,1072965,72965,7.30,100.0
2026-08-22 06:01:18,強気,分散保有,12,1073725,1073737,73737,7.37,100.0
2026-08-22 06:02:09,強気,分散保有,12,1073938,1073950,73950,7.40,100.0
2026-08-22 06:31:02,強気,分散保有,12,1088161,1088172,88172,8.82,100.0
2026-08-22 07:01:15,強気,分散保有,12,1097484,1097495,97495,9.75,100.0
2026-08-22 07:01:43,強気,分散保有,12,1097484,1097495,97495,9.75,100.0
2026-08-22 07:31:04,強気,分散保有,12,1106521,1106532,106532,10.65,100.0
2026-08-22 07:42:41,強気,分散保有,12,1107422,1107434,107434,10.74,100.0
2026-08-22 08:01:15,強気,分散保有,12,1109170,1109181,109181,10.92,100.0
2026-08-22 08:02:09,強気,分散保有,12,1108459,1108470,108470,10.85,100.0
2026-08-22 08:31:00,強気,分散保有,12,1115790,1115801,115801,11.58,100.0
2026-08-22 08:40:33,強気,分散保有,12,1111075,1111087,111087,11.11,100.0
2026-08-22 09:01:18,強気,分散保有,12,1106947,1106958,106958,10.70,100.0
2026-08-22 09:31:00,強気,分散保有,12,1106627,1106638,106638,10.66,100.0
2026-08-22 10:01:16,強気,分散保有,12,1106043,1106055,106055,10.61,100.0
2026-08-22 10:31:04,強気,分散保有,12,1112341,1112353,112353,11.24,100.0
2026-08-22 10:51:26,強気,分散保有,22962,1092740,1115702,115702,11.57,97.9
2026-08-22 11:01:12,強気,分散保有,22962,1090550,1113512,113512,11.35,97.9
2026-08-22 11:31:03,強気,分散保有,22962,1099010,1121972,121972,12.20,98.0
2026-08-22 12:01:15,強気,分散保有,22962,1107371,1130333,130333,13.03,98.0
2026-08-22 12:08:29,強気,分散保有,22962,1109039,1132001,132001,13.20,98.0
2026-08-22 12:31:00,強気,分散保有,22962,1119157,1142119,142119,14.21,98.0
2026-08-22 12:57:29,強気,分散保有,22962,1116660,1139622,139622,13.96,98.0
2026-08-22 13:01:15,強気,分散保有,22962,1116439,1139401,139401,13.94,98.0
2026-08-22 13:31:06,強気,分散保有,22962,1121417,1144379,144379,14.44,98.0
2026-08-22 13:51:00,強気,分散保有,22962,1141429,1164391,164391,16.44,98.0
2026-08-22 14:01:09,強気,分散保有,22962,1140783,1163745,163745,16.37,98.0
2026-08-22 14:31:01,強気,分散保有,22962,1086582,1109544,109544,10.95,97.9
2026-08-22 14:43:55,強気,分散保有,22962,1083005,1105967,105967,10.60,97.9
2026-08-22 15:01:18,強気,分散保有,22962,1088422,1111384,111384,11.14,97.9
2026-08-22 15:02:17,強気,分散保有,22962,1088422,1111384,111384,11.14,97.9
2026-08-22 15:31:04,強気,分散保有,22962,1092476,1115438,115438,11.54,97.9
2026-08-22 16:00:23,強気,分散保有,22962,1096375,1119338,119338,11.93,97.9
2026-08-22 16:01:18,強気,分散保有,22962,1096375,1119338,119338,11.93,97.9
2026-08-22 16:31:06,強気,分散保有,22962,1104879,1127841,127841,12.78,98.0
2026-08-22 16:46:45,強気,分散保有,22962,1101808,1124770,124770,12.48,98.0
2026-08-22 17:01:13,強気,分散保有,22962,1096219,1119181,119181,11.92,97.9
2026-08-22 17:10:59,強気,分散保有,22962,1090384,1113346,113346,11.33,97.9
2026-08-22 17:31:04,強気,分散保有,22962,1083381,1106344,106344,10.63,97.9
2026-08-22 17:49:01,強気,分散保有,22962,1079821,1102783,102783,10.28,97.9
2026-08-22 18:01:25,強気,分散保有,22962,1085455,1108417,108417,10.84,97.9
2026-08-22 18:30:59,強気,分散保有,22962,1083420,1106383,106383,10.64,97.9
2026-08-22 18:44:03,強気,分散保有,22962,1082967,1105930,105930,10.59,97.9
2026-08-22 19:01:17,強気,分散保有,22962,1078676,1101638,101638,10.16,97.9
2026-08-22 19:01:50,強気,分散保有,22962,1078854,1101816,101816,10.18,97.9
2026-08-22 19:31:43,強気,分散保有,22962,1062846,1085808,85808,8.58,97.9
2026-08-22 19:41:46,強気,分散保有,22962,1073237,1096199,96199,9.62,97.9
2026-08-22 20:00:42,強気,分散保有,22962,1070951,1093914,93914,9.39,97.9
2026-08-22 20:01:17,強気,分散保有,22962,1071061,1094023,94023,9.40,97.9
2026-08-22 20:31:00,強気,分散保有,22962,1072575,1095537,95537,9.55,97.9
2026-08-22 20:35:57,強気,分散保有,22962,1074308,1097270,97270,9.73,97.9
2026-08-22 20:58:42,強気,分散保有,22962,1074818,1097780,97780,9.78,97.9
2026-08-22 21:01:18,強気,分散保有,22962,1075341,1098303,98303,9.83,97.9
2026-08-22 21:31:01,強気,分散保有,22962,1085445,1108407,108407,10.84,97.9
2026-08-22 22:01:11,強気,分散保有,22962,1082548,1105510,105510,10.55,97.9
2026-08-22 22:01:52,強気,分散保有,22962,1082548,1105510,105510,10.55,97.9
2026-08-22 22:31:04,強気,分散保有,22962,1080508,1103471,103471,10.35,97.9
2026-08-22 22:45:14,強気,分散保有,22962,1078169,1101131,101131,10.11,97.9
2026-08-22 23:01:15,強気,分散保有,22962,1081471,1104433,104433,10.44,97.9
2026-08-22 23:01:44,強気,分散保有,22962,1081471,1104433,104433,10.44,97.9
2026-08-22 23:31:00,強気,分散保有,22962,1074442,1097404,97404,9.74,97.9
2026-08-22 23:39:44,強気,分散保有,22962,1075230,1098192,98192,9.82,97.9
2026-08-22 23:59:47,強気,分散保有,22962,1065424,1088387,88387,8.84,97.9
2026-08-23 00:01:13,強気,分散保有,22962,1066006,1088969,88969,8.90,97.9
2026-08-23 00:31:05,強気,分散保有,22962,1065554,1088516,88516,8.85,97.9
2026-08-23 00:35:51,強気,分散保有,22962,1066810,1089772,89772,8.98,97.9
2026-08-23 00:57:58,強気,分散保有,288869,797076,1085945,85945,8.59,73.4
2026-08-23 01:01:15,強気,分散保有,288869,797253,1086122,86122,8.61,73.4
2026-08-23 01:31:02,強気,分散保有,288869,801417,1090286,90286,9.03,73.5
2026-08-23 01:42:29,強気,分散保有,288869,802397,1091266,91266,9.13,73.5
2026-08-23 02:00:57,強気,分散保有,288869,803374,1092243,92243,9.22,73.6
2026-08-23 02:01:31,強気,分散保有,288869,803737,1092606,92606,9.26,73.6
2026-08-23 02:30:56,強気,分散保有,288869,803054,1091923,91923,9.19,73.5
2026-08-23 02:36:37,強気,分散保有,288869,801826,1090695,90695,9.07,73.5
2026-08-23 02:58:41,強気,分散保有,288869,803627,1092496,92496,9.25,73.6
2026-08-23 03:01:16,強気,分散保有,288869,803439,1092308,92308,9.23,73.6
2026-08-23 03:31:00,強気,分散保有,288869,804385,1093255,93255,9.33,73.6
2026-08-23 03:49:59,強気,分散保有,288869,802787,1091656,91656,9.17,73.5
2026-08-23 04:01:19,強気,分散保有,288869,803238,1092107,92107,9.21,73.5
2026-08-23 04:31:02,強気,分散保有,288869,804015,1092884,92884,9.29,73.6
2026-08-23 04:36:26,強気,分散保有,288869,804563,1093432,93432,9.34,73.6
2026-08-23 04:58:01,強気,分散保有,288869,806782,1095651,95651,9.57,73.6
2026-08-23 05:01:11,強気,分散保有,288869,806754,1095623,95623,9.56,73.6
2026-08-23 05:31:03,強気,分散保有,288869,805716,1094585,94585,9.46,73.6
2026-08-23 05:41:32,強気,分散保有,288869,804938,1093807,93807,9.38,73.6
2026-08-23 06:00:50,強気,分散保有,288869,804168,1093037,93037,9.30,73.6
2026-08-23 06:01:24,強気,分散保有,288869,804214,1093083,93083,9.31,73.6
2026-08-23 06:31:02,強気,分散保有,288869,801366,1090235,90235,9.02,73.5
2026-08-23 06:36:37,強気,分散保有,288869,800122,1088992,88992,8.90,73.5
2026-08-23 06:58:29,強気,分散保有,288869,796355,1085224,85224,8.52,73.4
2026-08-23 07:01:15,強気,分散保有,288869,795984,1084853,84853,8.49,73.4
2026-08-23 07:31:04,強気,分散保有,288869,800819,1089688,89688,8.97,73.5
2026-08-23 07:39:56,強気,分散保有,288869,799577,1088446,88446,8.84,73.5
2026-08-23 07:59:33,強気,分散保有,288869,799715,1088584,88584,8.86,73.5
2026-08-23 08:01:15,強気,分散保有,288869,799088,1087957,87957,8.80,73.4
2026-08-23 08:30:56,強気,分散保有,288869,799826,1088696,88696,8.87,73.5
2026-08-23 08:35:57,強気,分散保有,288869,799546,1088415,88415,8.84,73.5
2026-08-23 08:58:36,強気,分散保有,288869,801690,1090559,90559,9.06,73.5
2026-08-23 09:31:03,強気,分散保有,288869,802530,1091399,91399,9.14,73.5
2026-08-23 10:01:10,強気,分散保有,288869,810858,1099728,99728,9.97,73.7
2026-08-23 10:31:02,強気,分散保有,288869,808523,1097392,97392,9.74,73.7
2026-08-23 11:00:53,強気,分散保有,288869,807715,1096584,96584,9.66,73.7
2026-08-23 11:01:27,強気,分散保有,288869,807446,1096315,96315,9.63,73.7
2026-08-23 11:30:59,強気,分散保有,288869,801600,1090469,90469,9.05,73.5
2026-08-23 12:01:21,強気,分散保有,288869,803673,1092543,92543,9.25,73.6
2026-08-23 12:16:21,強気,分散保有,288869,802654,1091523,91523,9.15,73.5
2026-08-23 12:31:04,強気,分散保有,288869,801240,1090109,90109,9.01,73.5
2026-08-23 13:01:18,強気,分散保有,288869,799194,1088063,88063,8.81,73.5
2026-08-23 13:05:13,強気,分散保有,288869,799397,1088266,88266,8.83,73.5
2026-08-23 13:31:07,強気,分散保有,288869,798540,1087410,87410,8.74,73.4
2026-08-23 13:53:15,強気,分散保有,288869,791955,1080825,80825,8.08,73.3
2026-08-23 14:01:13,強気,分散保有,288869,791897,1080766,80766,8.08,73.3
2026-08-23 14:30:58,強気,分散保有,288869,791640,1080509,80509,8.05,73.3
2026-08-23 14:46:32,強気,分散保有,288869,789539,1078408,78408,7.84,73.2
2026-08-23 15:01:18,強気,分散保有,288869,788571,1077440,77440,7.74,73.2
2026-08-23 15:16:11,強気,分散保有,288869,786973,1075842,75842,7.58,73.1
2026-08-23 15:31:03,強気,分散保有,288869,789387,1078256,78256,7.83,73.2
2026-08-23 16:01:16,強気,分散保有,288869,788849,1077718,77718,7.77,73.2
2026-08-23 16:06:20,強気,分散保有,288869,789016,1077885,77885,7.79,73.2
2026-08-23 16:31:04,強気,分散保有,288869,791716,1080585,80585,8.06,73.3
2026-08-23 16:48:13,強気,分散保有,288869,789996,1078866,78866,7.89,73.2
2026-08-23 17:01:14,強気,分散保有,288869,789093,1077962,77962,7.80,73.2
2026-08-23 17:31:04,強気,分散保有,288869,793381,1082250,82250,8.23,73.3
2026-08-23 17:50:01,強気,分散保有,288869,797262,1086131,86131,8.61,73.4
2026-08-23 18:01:13,強気,分散保有,288869,795613,1084482,84482,8.45,73.4
2026-08-23 18:31:01,強気,分散保有,288869,796067,1084936,84936,8.49,73.4
2026-08-23 18:44:29,強気,分散保有,288869,795876,1084745,84745,8.47,73.4
2026-08-23 19:01:17,強気,分散保有,288869,796882,1085751,85751,8.58,73.4
2026-08-23 19:01:51,強気,分散保有,288869,796882,1085751,85751,8.58,73.4
2026-08-23 19:31:02,強気,分散保有,288869,799028,1087897,87897,8.79,73.4
2026-08-23 19:42:32,強気,分散保有,288869,799399,1088268,88268,8.83,73.5
2026-08-23 20:00:41,強気,分散保有,288869,798478,1087347,87347,8.73,73.4
2026-08-23 20:01:13,強気,分散保有,288869,798478,1087347,87347,8.73,73.4
2026-08-23 20:31:03,強気,分散保有,288869,803081,1091950,91950,9.20,73.5
2026-08-23 20:36:06,強気,分散保有,288869,803493,1092363,92363,9.24,73.6
2026-08-23 20:58:44,強気,分散保有,288869,805187,1094056,94056,9.41,73.6
2026-08-23 21:01:15,強気,分散保有,288869,804845,1093715,93715,9.37,73.6
2026-08-23 21:31:03,強気,分散保有,288869,802560,1091429,91429,9.14,73.5
2026-08-23 22:01:13,強気,分散保有,288869,803917,1092786,92786,9.28,73.6
2026-08-23 22:03:27,強気,分散保有,288869,804000,1092869,92869,9.29,73.6
2026-08-23 22:31:05,強気,分散保有,288869,810666,1099535,99535,9.95,73.7
2026-08-23 22:46:33,強気,分散保有,288869,809749,1098618,98618,9.86,73.7
2026-08-23 23:01:16,強気,分散保有,288869,810698,1099567,99567,9.96,73.7
2026-08-23 23:04:17,強気,分散保有,288869,811208,1100077,100077,10.01,73.7
2026-08-23 23:31:09,強気,分散保有,288869,810575,1099444,99444,9.94,73.7
2026-08-23 23:41:24,強気,分散保有,288869,809987,1098856,98856,9.89,73.7
2026-08-24 00:01:14,強気,分散保有,288869,806492,1095362,95362,9.54,73.6
2026-08-24 00:01:58,強気,分散保有,288869,806347,1095216,95216,9.52,73.6
2026-08-24 00:30:57,強気,分散保有,288869,807280,1096149,96149,9.61,73.6
2026-08-24 00:37:52,強気,分散保有,288869,807387,1096257,96257,9.63,73.6
2026-08-24 00:59:15,強気,分散保有,288869,808319,1097189,97189,9.72,73.7
2026-08-24 01:01:13,強気,分散保有,288869,807588,1096457,96457,9.65,73.7
2026-08-24 01:31:05,強気,分散保有,288869,808515,1097384,97384,9.74,73.7
2026-08-24 01:44:26,強気,分散保有,288869,809458,1098328,98328,9.83,73.7
2026-08-24 02:01:14,強気,分散保有,288869,809979,1098848,98848,9.88,73.7
2026-08-24 02:03:36,強気,分散保有,288869,810110,1098980,98980,9.90,73.7
2026-08-24 02:31:01,強気,分散保有,288869,808094,1096963,96963,9.70,73.7
2026-08-24 02:35:43,強気,分散保有,288869,806997,1095866,95866,9.59,73.6
2026-08-24 02:57:42,強気,分散保有,288869,807124,1095993,95993,9.60,73.6
2026-08-24 03:01:17,強気,分散保有,288869,807247,1096116,96116,9.61,73.6
2026-08-24 03:31:03,強気,分散保有,288869,808940,1097809,97809,9.78,73.7
2026-08-24 03:49:26,強気,分散保有,288869,808483,1097353,97353,9.74,73.7
2026-08-24 04:01:11,強気,分散保有,288869,808287,1097156,97156,9.72,73.7
2026-08-24 04:31:03,強気,分散保有,288869,807645,1096514,96514,9.65,73.7
2026-08-24 04:36:43,強気,分散保有,288869,807299,1096168,96168,9.62,73.6
2026-08-24 04:57:43,強気,分散保有,288869,809149,1098019,98019,9.80,73.7
2026-08-24 05:01:08,強気,分散保有,288869,808561,1097431,97431,9.74,73.7
2026-08-24 05:31:06,強気,分散保有,288869,808811,1097680,97680,9.77,73.7
2026-08-24 05:40:20,強気,分散保有,288869,808882,1097752,97752,9.78,73.7
2026-08-24 06:00:03,強気,分散保有,288869,808683,1097553,97553,9.76,73.7
2026-08-24 06:01:15,強気,分散保有,288869,808844,1097714,97714,9.77,73.7
2026-08-24 06:31:02,強気,分散保有,288869,814720,1103589,103589,10.36,73.8
2026-08-24 06:37:14,強気,分散保有,288869,816189,1105059,105059,10.51,73.9
2026-08-24 06:58:15,強気,分散保有,288869,813200,1102069,102069,10.21,73.8
2026-08-24 07:01:16,強気,分散保有,288869,812718,1101587,101587,10.16,73.8
2026-08-24 07:31:02,強気,分散保有,288869,812366,1101236,101236,10.12,73.8
2026-08-24 07:39:37,強気,分散保有,288869,811922,1100791,100791,10.08,73.8
2026-08-24 07:59:20,強気,分散保有,288869,811458,1100327,100327,10.03,73.7
2026-08-24 08:01:14,強気,分散保有,288869,811064,1099933,99933,9.99,73.7
2026-08-24 08:31:15,強気,分散保有,288869,810359,1099228,99228,9.92,73.7
2026-08-24 08:36:45,強気,分散保有,288869,812961,1101830,101830,10.18,73.8
2026-08-24 08:58:07,強気,分散保有,288869,811748,1100618,100618,10.06,73.8
2026-08-24 09:01:20,強気,分散保有,288869,812085,1100954,100954,10.10,73.8
2026-08-24 09:31:09,強気,分散保有,288869,805931,1094800,94800,9.48,73.6
2026-08-24 10:01:11,強気,分散保有,288869,809694,1098563,98563,9.86,73.7
2026-08-24 10:31:03,強気,分散保有,288869,806351,1095220,95220,9.52,73.6
2026-08-24 10:58:36,強気,分散保有,288869,802640,1091509,91509,9.15,73.5
2026-08-24 11:01:10,強気,分散保有,288869,801361,1090230,90230,9.02,73.5
2026-08-24 11:31:06,強気,分散保有,288869,806955,1095824,95824,9.58,73.6
2026-08-24 12:01:22,強気,分散保有,288869,805686,1094555,94555,9.46,73.6
2026-08-24 12:17:39,強気,分散保有,288869,803333,1092202,92202,9.22,73.6
2026-08-24 12:31:06,強気,分散保有,288869,802989,1091858,91858,9.19,73.5
2026-08-24 13:01:17,強気,分散保有,288869,801637,1090506,90506,9.05,73.5
2026-08-24 13:29:53,強気,分散保有,288869,804086,1092955,92955,9.30,73.6
2026-08-24 13:31:06,強気,分散保有,288869,803912,1092781,92781,9.28,73.6
2026-08-24 14:01:16,強気,分散保有,288869,801219,1090088,90088,9.01,73.5
2026-08-24 14:25:17,強気,分散保有,288869,804856,1093725,93725,9.37,73.6
2026-08-24 14:31:07,強気,分散保有,288869,805173,1094042,94042,9.40,73.6
2026-08-24 15:01:18,強気,分散保有,288869,804968,1093838,93838,9.38,73.6
2026-08-24 15:24:42,強気,分散保有,288869,806361,1095230,95230,9.52,73.6
2026-08-24 15:31:03,強気,分散保有,288869,806769,1095638,95638,9.56,73.6
2026-08-24 16:01:19,強気,分散保有,288869,808278,1097148,97148,9.71,73.7
2026-08-24 16:31:03,強気,分散保有,288869,810273,1099142,99142,9.91,73.7
2026-08-24 16:44:59,強気,分散保有,288869,807429,1096298,96298,9.63,73.7
2026-08-24 17:01:17,強気,分散保有,288869,807121,1095991,95991,9.60,73.6
2026-08-24 17:30:12,強気,分散保有,288869,802763,1091632,91632,9.16,73.5
2026-08-24 17:31:00,強気,分散保有,288869,802519,1091389,91389,9.14,73.5
2026-08-24 18:01:19,強気,分散保有,288869,805592,1094462,94462,9.45,73.6
2026-08-24 18:30:29,強気,分散保有,288869,808899,1097769,97769,9.78,73.7
2026-08-24 18:31:06,強気,分散保有,288869,809445,1098314,98314,9.83,73.7
2026-08-24 19:01:19,強気,分散保有,288869,810508,1099377,99377,9.94,73.7
2026-08-24 19:22:38,強気,分散保有,288869,813650,1102519,102519,10.25,73.8
2026-08-24 19:31:07,強気,分散保有,288869,813518,1102388,102388,10.24,73.8
2026-08-24 20:01:21,強気,分散保有,288869,810424,1099293,99293,9.93,73.7
2026-08-24 20:12:41,強気,分散保有,288869,811394,1100264,100264,10.03,73.7
2026-08-24 20:31:11,強気,分散保有,288869,812740,1101609,101609,10.16,73.8
2026-08-24 20:45:20,強気,分散保有,288869,821224,1110093,110093,11.01,74.0
2026-08-24 21:01:21,強気,分散保有,288869,817890,1106760,106760,10.68,73.9
2026-08-24 21:16:08,強気,分散保有,288869,816952,1105821,105821,10.58,73.9
2026-08-24 21:31:09,強気,分散保有,288869,818075,1106944,106944,10.69,73.9
2026-08-24 22:01:20,強気,分散保有,288869,825919,1114788,114788,11.48,74.1
2026-08-24 22:17:42,強気,分散保有,288869,826227,1115096,115096,11.51,74.1
2026-08-24 22:31:07,強気,分散保有,288869,824114,1112983,112983,11.30,74.0
2026-08-24 23:01:22,強気,分散保有,288869,818135,1107004,107004,10.70,73.9
2026-08-24 23:26:35,強気,分散保有,288869,822978,1111848,111848,11.18,74.0
2026-08-24 23:31:08,強気,分散保有,288869,823453,1112323,112323,11.23,74.0
2026-08-25 00:01:27,強気,分散保有,288869,826655,1115524,115524,11.55,74.1
2026-08-25 00:23:21,強気,分散保有,288869,829556,1118425,118425,11.84,74.2
2026-08-25 00:31:06,強気,分散保有,288869,833034,1121904,121904,12.19,74.3
2026-08-25 01:01:29,強気,分散保有,288869,821854,1110723,110723,11.07,74.0
2026-08-25 01:16:50,強気,分散保有,288869,826718,1115587,115587,11.56,74.1
2026-08-25 01:31:10,強気,分散保有,288869,828266,1117135,117135,11.71,74.1
2026-08-25 01:59:32,強気,分散保有,288869,820913,1109782,109782,10.98,74.0
2026-08-25 02:01:18,強気,分散保有,288869,821456,1110325,110325,11.03,74.0
2026-08-25 02:31:11,強気,分散保有,288869,816220,1105089,105089,10.51,73.9
2026-08-25 02:47:53,強気,分散保有,288869,815101,1103970,103970,10.40,73.8
2026-08-25 03:01:20,強気,分散保有,288869,816795,1105664,105664,10.57,73.9
2026-08-25 03:31:04,強気,分散保有,288869,822208,1111078,111078,11.11,74.0
2026-08-25 04:00:45,強気,分散保有,288869,820096,1108965,108965,10.90,74.0
2026-08-25 04:01:22,強気,分散保有,288869,820264,1109133,109133,10.91,74.0
2026-08-25 04:31:14,強気,分散保有,288869,819286,1108156,108156,10.82,73.9
2026-08-25 04:45:39,強気,分散保有,288869,819674,1108543,108543,10.85,73.9
2026-08-25 05:01:22,強気,分散保有,288869,820572,1109441,109441,10.94,74.0
2026-08-25 05:11:50,強気,分散保有,288869,820320,1109189,109189,10.92,74.0
2026-08-25 05:31:11,強気,分散保有,288869,818310,1107179,107179,10.72,73.9
2026-08-25 05:49:39,強気,分散保有,288869,821397,1110266,110266,11.03,74.0
2026-08-25 06:01:17,強気,分散保有,288869,821176,1110045,110045,11.00,74.0
2026-08-25 06:31:02,強気,分散保有,288869,822483,1111353,111353,11.14,74.0
2026-08-25 06:44:59,強気,分散保有,288869,823393,1112262,112262,11.23,74.0
2026-08-25 07:01:17,強気,分散保有,288869,824789,1113658,113658,11.37,74.1
2026-08-25 07:03:36,強気,分散保有,288869,824916,1113785,113785,11.38,74.1
2026-08-25 07:31:03,強気,分散保有,288869,823862,1112731,112731,11.27,74.0
2026-08-25 07:45:37,強気,分散保有,288869,825820,1114689,114689,11.47,74.1
2026-08-25 08:01:18,強気,分散保有,288869,823494,1112363,112363,11.24,74.0
2026-08-25 08:06:23,強気,分散保有,288869,823291,1112160,112160,11.22,74.0
2026-08-25 08:31:03,強気,分散保有,288869,827551,1116420,116420,11.64,74.1
2026-08-25 08:37:00,強気,分散保有,288869,827949,1116818,116818,11.68,74.1
2026-08-25 08:59:50,強気,分散保有,288869,827751,1116620,116620,11.66,74.1
2026-08-25 09:01:20,強気,分散保有,288869,828598,1117468,117468,11.75,74.1
2026-08-25 09:31:08,強気,分散保有,288869,830795,1119665,119665,11.97,74.2
2026-08-25 10:01:16,強気,分散保有,288869,843164,1132034,132034,13.20,74.5
2026-08-25 10:31:01,強気,分散保有,288869,844672,1133542,133542,13.35,74.5
2026-08-25 10:53:29,強気,分散保有,288869,840292,1129161,129161,12.92,74.4
2026-08-25 11:01:13,強気,分散保有,288869,838360,1127229,127229,12.72,74.4
2026-08-25 11:31:02,強気,分散保有,288869,849634,1138503,138503,13.85,74.6
2026-08-25 12:01:18,強気,分散保有,288869,845327,1134196,134196,13.42,74.5
2026-08-25 12:13:42,強気,分散保有,288869,847615,1136484,136484,13.65,74.6
2026-08-25 12:31:07,強気,分散保有,288869,846657,1135526,135526,13.55,74.6
2026-08-25 13:01:16,強気,分散保有,288869,844360,1133229,133229,13.32,74.5
2026-08-25 13:02:42,強気,分散保有,288869,844643,1133512,133512,13.35,74.5
2026-08-25 13:31:06,強気,分散保有,288869,843848,1132717,132717,13.27,74.5
2026-08-25 13:55:09,強気,分散保有,288869,842339,1131208,131208,13.12,74.5
2026-08-25 14:01:17,強気,分散保有,288869,842011,1130880,130880,13.09,74.5
2026-08-25 14:31:03,強気,分散保有,288869,848107,1136977,136977,13.70,74.6
2026-08-25 14:48:40,強気,分散保有,288869,847582,1136451,136451,13.65,74.6
2026-08-25 15:01:16,強気,分散保有,288869,848542,1137411,137411,13.74,74.6
2026-08-25 15:31:07,強気,分散保有,288869,847992,1136861,136861,13.69,74.6
2026-08-25 16:01:15,強気,分散保有,288869,842764,1131634,131634,13.16,74.5
2026-08-25 16:09:40,強気,分散保有,288869,847586,1136455,136455,13.65,74.6
2026-08-25 16:31:04,強気,分散保有,288869,847290,1136160,136160,13.62,74.6
2026-08-25 16:59:40,強気,分散保有,288869,838140,1127009,127009,12.70,74.4
2026-08-25 17:01:26,強気,分散保有,288869,838038,1126907,126907,12.69,74.4
2026-08-25 17:31:02,強気,分散保有,288869,842141,1131010,131010,13.10,74.5
2026-08-25 18:01:18,強気,分散保有,288869,838227,1127096,127096,12.71,74.4
2026-08-25 18:01:49,強気,分散保有,288869,838227,1127096,127096,12.71,74.4
2026-08-25 18:31:10,強気,分散保有,288869,837439,1126309,126309,12.63,74.4
2026-08-25 18:52:43,強気,分散保有,288869,836838,1125707,125707,12.57,74.3
2026-08-25 19:01:20,強気,分散保有,288869,831598,1120467,120467,12.05,74.2
2026-08-25 19:31:09,強気,分散保有,288869,832683,1121552,121552,12.16,74.2
2026-08-25 19:50:57,強気,分散保有,288869,834028,1122897,122897,12.29,74.3
2026-08-25 20:01:19,強気,分散保有,288869,833926,1122795,122795,12.28,74.3
2026-08-25 20:31:04,強気,分散保有,288869,830509,1119378,119378,11.94,74.2
2026-08-25 20:45:20,強気,分散保有,288869,830804,1119674,119674,11.97,74.2
2026-08-25 21:01:21,強気,分散保有,288869,829860,1118729,118729,11.87,74.2
2026-08-25 21:16:47,強気,分散保有,288869,828162,1117031,117031,11.70,74.1
2026-08-25 21:31:08,強気,分散保有,288869,824220,1113090,113090,11.31,74.0
2026-08-25 22:01:21,強気,分散保有,288869,828710,1117579,117579,11.76,74.2
2026-08-25 22:16:02,強気,分散保有,288869,824952,1113822,113822,11.38,74.1
2026-08-25 22:31:10,強気,分散保有,288869,821043,1109912,109912,10.99,74.0
2026-08-25 23:01:22,強気,分散保有,288869,820031,1108900,108900,10.89,73.9
2026-08-25 23:08:27,強気,分散保有,288869,822509,1111378,111378,11.14,74.0
2026-08-25 23:31:07,強気,分散保有,288869,827356,1116225,116225,11.62,74.1
2026-08-26 00:01:44,強気,分散保有,288869,828456,1117325,117325,11.73,74.1
2026-08-26 00:07:07,強気,分散保有,288869,827799,1116668,116668,11.67,74.1
2026-08-26 00:31:11,強気,分散保有,288869,826793,1115662,115662,11.57,74.1
2026-08-26 01:01:23,強気,分散保有,288869,829766,1118636,118636,11.86,74.2
2026-08-26 01:01:55,強気,分散保有,288869,829766,1118636,118636,11.86,74.2
2026-08-26 01:31:09,強気,分散保有,288869,826572,1115441,115441,11.54,74.1
2026-08-26 01:56:45,強気,分散保有,288869,828416,1117285,117285,11.73,74.1
2026-08-26 02:01:25,強気,分散保有,288869,827592,1116461,116461,11.65,74.1
2026-08-26 02:31:09,強気,分散保有,288869,823464,1112333,112333,11.23,74.0
2026-08-26 02:46:42,強気,分散保有,288869,826733,1115602,115602,11.56,74.1
2026-08-26 03:01:25,強気,分散保有,288869,827301,1116170,116170,11.62,74.1
2026-08-26 03:17:16,強気,分散保有,288869,828931,1117800,117800,11.78,74.2
2026-08-26 03:31:19,強気,分散保有,288869,829338,1118207,118207,11.82,74.2
2026-08-26 04:01:25,強気,分散保有,288869,827402,1116271,116271,11.63,74.1
2026-08-26 04:03:59,強気,分散保有,288869,827895,1116764,116764,11.68,74.1
2026-08-26 04:31:05,強気,分散保有,288869,825971,1114840,114840,11.48,74.1
2026-08-26 04:46:57,強気,分散保有,288869,823096,1111965,111965,11.20,74.0
2026-08-26 05:01:27,強気,分散保有,288869,824055,1112924,112924,11.29,74.0
2026-08-26 05:10:59,強気,分散保有,288869,822541,1111410,111410,11.14,74.0
2026-08-26 05:31:08,強気,分散保有,288869,823210,1112080,112080,11.21,74.0
2026-08-26 05:47:34,強気,分散保有,288869,819197,1108066,108066,10.81,73.9
2026-08-26 06:01:16,強気,分散保有,288869,816080,1104950,104950,10.49,73.9
2026-08-26 06:31:05,強気,分散保有,288869,815088,1103957,103957,10.40,73.8
2026-08-26 06:45:06,強気,分散保有,288869,818991,1107860,107860,10.79,73.9
2026-08-26 07:01:20,強気,分散保有,288869,819114,1107984,107984,10.80,73.9
2026-08-26 07:02:42,強気,分散保有,288869,819114,1107984,107984,10.80,73.9
2026-08-26 07:31:03,強気,分散保有,288869,820907,1109776,109776,10.98,74.0
2026-08-26 07:46:30,強気,分散保有,288869,821142,1110011,110011,11.00,74.0
2026-08-26 08:01:15,強気,分散保有,288869,821941,1110810,110810,11.08,74.0
2026-08-26 08:11:12,強気,分散保有,288869,821865,1110734,110734,11.07,74.0
2026-08-26 08:31:05,強気,分散保有,288869,819894,1108763,108763,10.88,73.9
2026-08-26 08:39:44,強気,分散保有,288869,820184,1109053,109053,10.91,74.0
2026-08-26 09:31:06,強気,分散保有,288869,817058,1105927,105927,10.59,73.9
2026-08-26 10:01:22,強気,分散保有,288869,818766,1107636,107636,10.76,73.9
2026-08-26 10:31:04,強気,分散保有,288869,819732,1108601,108601,10.86,73.9
2026-08-26 10:59:39,強気,分散保有,288869,819886,1108755,108755,10.88,73.9
2026-08-26 11:01:19,強気,分散保有,288869,819886,1108755,108755,10.88,73.9
2026-08-26 11:31:04,強気,分散保有,288869,823329,1112198,112198,11.22,74.0
2026-08-26 12:01:22,強気,分散保有,288869,822966,1111835,111835,11.18,74.0
2026-08-26 12:19:34,強気,分散保有,288869,821729,1110598,110598,11.06,74.0
2026-08-26 12:31:02,強気,分散保有,288869,821881,1110750,110750,11.08,74.0
2026-08-26 13:01:15,強気,分散保有,288869,821836,1110705,110705,11.07,74.0
2026-08-26 13:25:13,強気,分散保有,288869,822111,1110981,110981,11.10,74.0
2026-08-26 13:31:05,強気,分散保有,288869,822011,1110880,110880,11.09,74.0
2026-08-26 14:01:12,強気,分散保有,288869,819302,1108171,108171,10.82,73.9
2026-08-26 14:17:29,強気,分散保有,288869,819403,1108272,108272,10.83,73.9
2026-08-26 14:31:05,強気,分散保有,288869,820306,1109175,109175,10.92,74.0
2026-08-26 15:01:19,強気,分散保有,288869,821765,1110634,110634,11.06,74.0
2026-08-26 15:18:37,強気,分散保有,288869,821681,1110551,110551,11.06,74.0
2026-08-26 15:31:06,強気,分散保有,288869,820082,1108951,108951,10.90,74.0
2026-08-26 16:01:19,強気,分散保有,288869,820360,1109229,109229,10.92,74.0
2026-08-26 16:31:03,強気,分散保有,288869,821787,1110656,110656,11.07,74.0
2026-08-26 16:33:23,強気,分散保有,288869,821152,1110021,110021,11.00,74.0
2026-08-26 17:01:20,強気,分散保有,288869,821272,1110141,110141,11.01,74.0
2026-08-26 17:24:28,強気,分散保有,288869,821032,1109901,109901,10.99,74.0
2026-08-26 17:31:04,強気,分散保有,288869,821561,1110431,110431,11.04,74.0
2026-08-26 18:01:19,強気,分散保有,288869,818585,1107454,107454,10.75,73.9
2026-08-26 18:25:07,強気,分散保有,288869,816093,1104962,104962,10.50,73.9
2026-08-26 18:31:05,強気,分散保有,288869,816237,1105106,105106,10.51,73.9
2026-08-26 19:01:23,強気,分散保有,288869,815096,1103965,103965,10.40,73.8
2026-08-26 19:18:46,強気,分散保有,288869,815350,1104219,104219,10.42,73.8
2026-08-26 19:31:02,強気,分散保有,288869,818267,1107136,107136,10.71,73.9
2026-08-26 20:01:21,強気,分散保有,288869,823046,1111915,111915,11.19,74.0
2026-08-26 20:13:01,強気,分散保有,288869,823030,1111899,111899,11.19,74.0
2026-08-26 20:31:10,強気,分散保有,288869,821996,1110865,110865,11.09,74.0
2026-08-26 20:46:46,強気,分散保有,288869,819454,1108323,108323,10.83,73.9
2026-08-26 21:01:25,強気,分散保有,288869,820702,1109571,109571,10.96,74.0
2026-08-26 21:19:23,強気,分散保有,288869,818329,1107198,107198,10.72,73.9
2026-08-26 21:31:13,強気,分散保有,288869,821632,1110501,110501,11.05,74.0
2026-08-26 22:01:27,強気,分散保有,288869,819946,1108815,108815,10.88,73.9
2026-08-26 22:31:07,強気,分散保有,288869,814220,1103089,103089,10.31,73.8
2026-08-26 22:40:49,強気,分散保有,288869,818095,1106964,106964,10.70,73.9
2026-08-26 23:01:26,強気,分散保有,288869,818052,1106921,106921,10.69,73.9
2026-08-26 23:27:42,強気,分散保有,288869,819342,1108211,108211,10.82,73.9
2026-08-26 23:31:07,強気,分散保有,288869,817935,1106805,106805,10.68,73.9
2026-08-27 00:03:39,強気,分散保有,288869,812593,1101463,101463,10.15,73.8
2026-08-27 01:01:20,強気,分散保有,288869,815744,1104614,104614,10.46,73.8
2026-08-27 01:05:48,強気,分散保有,288869,815112,1103981,103981,10.40,73.8
2026-08-27 01:31:10,強気,分散保有,288869,814485,1103355,103355,10.34,73.8
2026-08-27 02:01:26,強気,分散保有,288869,814798,1103667,103667,10.37,73.8
2026-08-27 02:01:59,強気,分散保有,288869,814798,1103667,103667,10.37,73.8
2026-08-27 02:31:11,強気,分散保有,288869,819981,1108850,108850,10.89,73.9
2026-08-27 03:01:32,強気,分散保有,288869,821242,1110111,110111,11.01,74.0
2026-08-27 03:31:08,強気,分散保有,288869,820854,1109723,109723,10.97,74.0
2026-08-27 04:01:21,強気,分散保有,288869,822124,1110993,110993,11.10,74.0
2026-08-27 04:19:53,強気,分散保有,288869,820491,1109360,109360,10.94,74.0
2026-08-27 04:31:10,強気,分散保有,288869,822894,1111763,111763,11.18,74.0
2026-08-27 05:01:20,強気,分散保有,288869,821375,1110244,110244,11.02,74.0
2026-08-27 05:31:08,強気,分散保有,288869,820472,1109341,109341,10.93,74.0
2026-08-27 06:01:23,強気,分散保有,288869,821601,1110470,110470,11.05,74.0
2026-08-27 06:31:05,強気,分散保有,288869,827687,1116556,116556,11.66,74.1
2026-08-27 07:01:22,強気,分散保有,288869,829313,1118182,118182,11.82,74.2
2026-08-27 07:30:59,強気,分散保有,288869,836646,1125515,125515,12.55,74.3
2026-08-27 07:31:30,強気,分散保有,288869,836447,1125316,125316,12.53,74.3
2026-08-27 08:01:17,強気,分散保有,288869,832307,1121176,121176,12.12,74.2
2026-08-27 08:31:06,強気,分散保有,288869,837529,1126398,126398,12.64,74.4
2026-08-27 09:01:26,強気,分散保有,288869,842400,1131269,131269,13.13,74.5
2026-08-27 09:31:00,強気,分散保有,288869,837604,1126473,126473,12.65,74.4
2026-08-27 10:01:14,強気,分散保有,288869,835717,1124586,124586,12.46,74.3
2026-08-27 10:31:05,強気,分散保有,288869,838659,1127528,127528,12.75,74.4
2026-08-27 11:01:22,強気,分散保有,288869,840083,1128952,128952,12.90,74.4
2026-08-27 11:31:04,強気,分散保有,288869,838148,1127017,127017,12.70,74.4
2026-08-27 12:01:16,強気,分散保有,288869,837553,1126422,126422,12.64,74.4
2026-08-27 12:31:07,強気,分散保有,288869,840013,1128882,128882,12.89,74.4
2026-08-27 13:01:21,強気,分散保有,288869,837081,1125950,125950,12.60,74.3
2026-08-27 13:01:55,強気,分散保有,288869,837081,1125950,125950,12.60,74.3
2026-08-27 13:31:02,強気,分散保有,288869,838115,1126984,126984,12.70,74.4
2026-08-27 14:01:22,強気,分散保有,288869,836659,1125528,125528,12.55,74.3
2026-08-27 14:30:56,強気,分散保有,288869,835727,1124596,124596,12.46,74.3
2026-08-27 15:01:17,強気,分散保有,288869,840169,1129038,129038,12.90,74.4
2026-08-27 15:31:06,強気,分散保有,288869,836076,1124945,124945,12.49,74.3
2026-08-27 16:01:16,強気,分散保有,288869,838012,1126881,126881,12.69,74.4
2026-08-27 16:31:05,強気,分散保有,288869,837318,1126187,126187,12.62,74.3
2026-08-27 17:01:16,強気,分散保有,288869,841508,1130377,130377,13.04,74.4
2026-08-27 17:31:02,強気,分散保有,288869,852277,1141146,141146,14.11,74.7
2026-08-27 18:01:16,強気,分散保有,288869,854937,1143806,143806,14.38,74.7
2026-08-27 18:31:07,強気,分散保有,288869,863278,1152147,152147,15.21,74.9
2026-08-27 19:01:15,強気,分散保有,288869,856374,1145243,145243,14.52,74.8
2026-08-27 19:31:08,強気,分散保有,288869,850751,1139621,139621,13.96,74.7
2026-08-27 20:01:19,強気,分散保有,288869,850765,1139634,139634,13.96,74.7
2026-08-27 20:31:04,強気,分散保有,288869,851354,1140223,140223,14.02,74.7
2026-08-27 21:01:18,強気,分散保有,288869,849420,1138289,138289,13.83,74.6
2026-08-27 21:31:07,強気,分散保有,288869,851723,1140592,140592,14.06,74.7
2026-08-27 22:01:21,強気,分散保有,288869,849935,1138805,138805,13.88,74.6
2026-08-27 22:31:05,強気,分散保有,288869,851759,1140628,140628,14.06,74.7
2026-08-27 23:01:20,強気,分散保有,288869,853936,1142805,142805,14.28,74.7
2026-08-27 23:31:08,強気,分散保有,288869,856268,1145137,145137,14.51,74.8
2026-08-28 00:01:27,強気,分散保有,288869,861198,1150067,150067,15.01,74.9
2026-08-28 00:16:19,強気,分散保有,288869,866087,1154956,154956,15.50,75.0
2026-08-28 00:31:10,強気,分散保有,288869,865178,1154047,154047,15.40,75.0
2026-08-28 01:01:23,強気,分散保有,288869,863743,1152613,152613,15.26,74.9
2026-08-28 01:31:01,強気,分散保有,312014,843737,1155751,155751,15.58,73.0
2026-08-28 02:01:24,強気,分散保有,312014,845728,1157742,157742,15.77,73.0
2026-08-28 02:31:09,強気,分散保有,312014,847808,1159822,159822,15.98,73.1
2026-08-28 03:01:22,強気,分散保有,312014,844488,1156501,156501,15.65,73.0
2026-08-28 03:31:05,強気,分散保有,312014,837016,1149030,149030,14.90,72.8
2026-08-28 04:01:21,強気,分散保有,312014,840339,1152353,152353,15.24,72.9
2026-08-28 04:31:04,強気,分散保有,312014,843924,1155938,155938,15.59,73.0
2026-08-28 05:01:18,強気,分散保有,312014,842470,1154484,154484,15.45,73.0
2026-08-28 05:31:05,強気,分散保有,312014,843445,1155459,155459,15.55,73.0
2026-08-28 06:01:20,強気,分散保有,312014,842344,1154358,154358,15.44,73.0
2026-08-28 06:31:03,強気,分散保有,312014,841701,1153715,153715,15.37,73.0
2026-08-28 07:01:21,強気,分散保有,312014,841970,1153983,153983,15.40,73.0
2026-08-28 07:31:00,強気,分散保有,312014,845443,1157457,157457,15.75,73.0
2026-08-28 08:01:23,強気,分散保有,312014,845380,1157393,157393,15.74,73.0
2026-08-28 08:31:01,強気,分散保有,312014,847016,1159030,159030,15.90,73.1
2026-08-28 09:26:53,強気,分散保有,312014,846504,1158517,158517,15.85,73.1
2026-08-28 09:31:01,強気,分散保有,312014,846491,1158505,158505,15.85,73.1
2026-08-28 10:01:21,強気,分散保有,312014,846866,1158879,158879,15.89,73.1
2026-08-28 10:31:04,強気,分散保有,312014,850202,1162216,162216,16.22,73.2
2026-08-28 11:01:16,強気,分散保有,312014,842998,1155012,155012,15.50,73.0
2026-08-28 11:31:05,強気,分散保有,312014,837863,1149877,149877,14.99,72.9
2026-08-28 12:01:17,強気,分散保有,312014,834568,1146582,146582,14.66,72.8
2026-08-28 12:31:05,強気,分散保有,312014,836869,1148883,148883,14.89,72.8
2026-08-28 13:01:15,強気,分散保有,312014,834994,1147008,147008,14.70,72.8
2026-08-28 13:31:05,強気,分散保有,312014,835921,1147934,147934,14.79,72.8
2026-08-28 14:01:18,強気,分散保有,312014,834104,1146118,146118,14.61,72.8
2026-08-28 14:31:05,強気,分散保有,312014,834588,1146602,146602,14.66,72.8
2026-08-28 15:01:21,強気,分散保有,312014,836053,1148067,148067,14.81,72.8
2026-08-28 15:31:03,強気,分散保有,312014,837963,1149977,149977,15.00,72.9
2026-08-28 16:01:19,強気,分散保有,312014,838791,1150804,150804,15.08,72.9
2026-08-28 16:31:04,強気,分散保有,312014,835472,1147486,147486,14.75,72.8
2026-08-28 17:01:18,強気,分散保有,312014,834381,1146394,146394,14.64,72.8
2026-08-28 17:31:01,強気,分散保有,312014,835736,1147750,147750,14.78,72.8
2026-08-28 18:01:22,強気,分散保有,312014,832178,1144192,144192,14.42,72.7
2026-08-28 18:31:01,強気,分散保有,312014,833542,1145556,145556,14.56,72.8
2026-08-28 19:01:22,強気,分散保有,312014,832097,1144111,144111,14.41,72.7
2026-08-28 19:31:08,強気,分散保有,312014,829727,1141740,141740,14.17,72.7
2026-08-28 20:01:29,強気,分散保有,312014,833915,1145929,145929,14.59,72.8
2026-08-28 20:31:05,強気,分散保有,312014,835850,1147864,147864,14.79,72.8
2026-08-28 21:01:21,強気,分散保有,312014,834216,1146230,146230,14.62,72.8
2026-08-28 21:15:21,強気,分散保有,312014,832827,1144840,144840,14.48,72.7
2026-08-28 21:31:04,強気,分散保有,312014,831871,1143884,143884,14.39,72.7
2026-08-28 22:01:27,強気,分散保有,312014,829973,1141986,141986,14.20,72.7
2026-08-28 22:31:05,強気,分散保有,312014,829796,1141810,141810,14.18,72.7
2026-08-28 23:01:25,強気,分散保有,312014,833763,1145777,145777,14.58,72.8
2026-08-28 23:31:07,強気,分散保有,312014,826840,1138853,138853,13.89,72.6
2026-08-29 00:01:30,強気,分散保有,312014,837762,1149776,149776,14.98,72.9
2026-08-29 00:31:09,強気,分散保有,312014,838509,1150523,150523,15.05,72.9
2026-08-29 01:01:24,強気,分散保有,312014,827890,1139903,139903,13.99,72.6
2026-08-29 01:31:05,強気,分散保有,312014,816194,1128208,128208,12.82,72.3
2026-08-29 02:01:19,強気,分散保有,312014,823139,1135152,135152,13.52,72.5
2026-08-29 02:31:08,強気,分散保有,312014,821570,1133584,133584,13.36,72.5
2026-08-29 03:01:19,強気,分散保有,312014,821439,1133452,133452,13.35,72.5
2026-08-29 03:31:04,強気,分散保有,312014,815590,1127604,127604,12.76,72.3
2026-08-29 04:02:00,強気,分散保有,312014,812522,1124536,124536,12.45,72.3
2026-08-29 04:31:06,強気,分散保有,312014,815970,1127984,127984,12.80,72.3
2026-08-29 05:01:15,強気,分散保有,312014,815280,1127294,127294,12.73,72.3
2026-08-29 05:31:06,強気,分散保有,312014,815192,1127206,127206,12.72,72.3
2026-08-29 06:01:22,強気,分散保有,312014,814902,1126915,126915,12.69,72.3
2026-08-29 06:31:34,強気,分散保有,312014,814690,1126704,126704,12.67,72.3
2026-08-29 07:01:16,強気,分散保有,312014,813030,1125043,125043,12.50,72.3
2026-08-29 07:26:30,強気,分散保有,312014,814652,1126666,126666,12.67,72.3
2026-08-29 07:31:02,強気,分散保有,312014,816319,1128333,128333,12.83,72.3
2026-08-29 08:01:23,強気,分散保有,312014,818137,1130150,130150,13.02,72.4
2026-08-29 08:30:59,強気,分散保有,312014,818062,1130075,130075,13.01,72.4
2026-08-29 09:01:19,強気,分散保有,312014,818790,1130804,130804,13.08,72.4
2026-08-29 09:30:59,強気,分散保有,312014,820665,1132679,132679,13.27,72.5
2026-08-29 10:01:15,強気,分散保有,312014,817969,1129983,129983,13.00,72.4
2026-08-29 10:31:06,強気,分散保有,312014,818469,1130483,130483,13.05,72.4
2026-08-29 11:01:14,強気,分散保有,312014,818798,1130812,130812,13.08,72.4
2026-08-29 11:31:07,強気,分散保有,312014,816704,1128717,128717,12.87,72.4
2026-08-29 12:01:34,強気,分散保有,312014,817516,1129530,129530,12.95,72.4
2026-08-29 12:31:00,強気,分散保有,312014,817827,1129840,129840,12.98,72.4
2026-08-29 12:53:40,強気,分散保有,312014,816870,1128884,128884,12.89,72.4
2026-08-29 13:01:15,強気,分散保有,312014,816486,1128500,128500,12.85,72.4
2026-08-29 13:31:04,強気,分散保有,312014,816207,1128221,128221,12.82,72.3
2026-08-29 14:01:14,強気,分散保有,312014,817310,1129323,129323,12.93,72.4
2026-08-29 14:31:00,強気,分散保有,312014,818062,1130076,130076,13.01,72.4
2026-08-29 15:01:16,強気,分散保有,312014,817345,1129358,129358,12.94,72.4
2026-08-29 15:31:04,強気,分散保有,312014,814245,1126259,126259,12.63,72.3
2026-08-29 16:01:15,強気,分散保有,312014,815181,1127195,127195,12.72,72.3
2026-08-29 16:31:01,強気,分散保有,312014,816178,1128192,128192,12.82,72.3
2026-08-29 17:01:09,強気,分散保有,312014,816465,1128479,128479,12.85,72.4
2026-08-29 17:31:00,強気,分散保有,312014,815460,1127474,127474,12.75,72.3
2026-08-29 18:01:21,強気,分散保有,312014,814972,1126986,126986,12.70,72.3
2026-08-29 18:31:07,強気,分散保有,312014,815207,1127221,127221,12.72,72.3
2026-08-29 19:01:17,強気,分散保有,312014,815674,1127687,127687,12.77,72.3
2026-08-29 19:31:00,強気,分散保有,312014,815827,1127840,127840,12.78,72.3
2026-08-29 20:01:12,強気,分散保有,312014,815886,1127900,127900,12.79,72.3
2026-08-29 20:07:39,強気,分散保有,312014,815513,1127527,127527,12.75,72.3
2026-08-29 20:31:03,強気,分散保有,312014,816171,1128184,128184,12.82,72.3
2026-08-29 21:01:14,強気,分散保有,312014,815703,1127717,127717,12.77,72.3
2026-08-29 21:31:03,強気,分散保有,312014,815400,1127414,127414,12.74,72.3
2026-08-29 22:01:16,強気,分散保有,312014,815732,1127746,127746,12.77,72.3
2026-08-29 22:31:02,強気,分散保有,312014,816399,1128412,128412,12.84,72.3
2026-08-29 23:01:16,強気,分散保有,312014,817171,1129184,129184,12.92,72.4
2026-08-29 23:31:02,強気,分散保有,312014,818466,1130480,130480,13.05,72.4
2026-08-30 00:01:19,強気,分散保有,312014,823475,1135489,135489,13.55,72.5
2026-08-30 00:31:02,強気,分散保有,312014,822032,1134046,134046,13.40,72.5
2026-08-30 00:38:56,強気,分散保有,312014,821372,1133385,133385,13.34,72.5
2026-08-30 01:01:13,強気,分散保有,312014,821355,1133369,133369,13.34,72.5
2026-08-30 01:31:03,強気,分散保有,312014,821913,1133927,133927,13.39,72.5
2026-08-30 02:01:18,強気,分散保有,312014,822655,1134669,134669,13.47,72.5
2026-08-30 02:30:59,強気,分散保有,312014,821902,1133916,133916,13.39,72.5
2026-08-30 03:01:18,強気,分散保有,312014,821770,1133784,133784,13.38,72.5
2026-08-30 03:31:02,強気,分散保有,312014,822676,1134690,134690,13.47,72.5
2026-08-30 03:53:45,強気,分散保有,312014,824391,1136405,136405,13.64,72.5
2026-08-30 04:01:11,強気,分散保有,312014,824065,1136079,136079,13.61,72.5
2026-08-30 04:31:03,強気,分散保有,312014,826191,1138205,138205,13.82,72.6
2026-08-30 05:01:13,強気,分散保有,312014,824529,1136543,136543,13.65,72.5
2026-08-30 05:31:00,強気,分散保有,312014,824464,1136477,136477,13.65,72.5
2026-08-30 06:01:10,強気,分散保有,312014,824104,1136118,136118,13.61,72.5
2026-08-30 06:30:57,強気,分散保有,312014,823413,1135427,135427,13.54,72.5
2026-08-30 06:45:30,強気,分散保有,312014,822959,1134973,134973,13.50,72.5
2026-08-30 07:01:17,強気,分散保有,312014,823556,1135570,135570,13.56,72.5
2026-08-30 07:30:59,強気,分散保有,312014,823141,1135154,135154,13.52,72.5
2026-08-30 08:01:14,強気,分散保有,312014,824994,1137007,137007,13.70,72.6
2026-08-30 08:31:00,強気,分散保有,312014,825490,1137504,137504,13.75,72.6
2026-08-30 08:38:44,強気,分散保有,312014,825573,1137587,137587,13.76,72.6
2026-08-30 09:01:16,強気,分散保有,312014,826055,1138069,138069,13.81,72.6
2026-08-30 09:31:07,強気,分散保有,312014,825865,1137879,137879,13.79,72.6
2026-08-30 10:01:16,強気,分散保有,312014,825318,1137332,137332,13.73,72.6
2026-08-30 10:31:00,強気,分散保有,312014,823854,1135868,135868,13.59,72.5
2026-08-30 10:42:29,強気,分散保有,312014,824189,1136203,136203,13.62,72.5
2026-08-30 11:01:12,強気,分散保有,312014,824001,1136015,136015,13.60,72.5
2026-08-30 11:31:00,強気,分散保有,312014,823983,1135996,135996,13.60,72.5
2026-08-30 12:01:18,強気,分散保有,312014,824725,1136739,136739,13.67,72.6
2026-08-30 12:30:59,強気,分散保有,312014,824189,1136203,136203,13.62,72.5
2026-08-30 13:01:14,強気,分散保有,312014,824123,1136137,136137,13.61,72.5
2026-08-30 13:30:58,強気,分散保有,312014,823745,1135759,135759,13.58,72.5
2026-08-30 14:01:13,強気,分散保有,312014,823228,1135242,135242,13.52,72.5
2026-08-30 14:30:58,強気,分散保有,312014,823896,1135909,135909,13.59,72.5
2026-08-30 15:01:16,強気,分散保有,312014,823742,1135756,135756,13.58,72.5
2026-08-30 15:30:56,強気,分散保有,312014,824135,1136148,136148,13.61,72.5
2026-08-30 16:01:14,強気,分散保有,312014,825013,1137027,137027,13.70,72.6
2026-08-30 16:27:24,強気,分散保有,312014,824774,1136788,136788,13.68,72.6
2026-08-30 16:31:01,強気,分散保有,312014,824784,1136798,136798,13.68,72.6
2026-08-30 17:01:15,強気,分散保有,312014,823548,1135562,135562,13.56,72.5
2026-08-30 17:31:00,強気,分散保有,312014,824103,1136116,136116,13.61,72.5
2026-08-30 18:01:12,強気,分散保有,312014,822882,1134896,134896,13.49,72.5
2026-08-30 18:30:58,強気,分散保有,312014,822665,1134678,134678,13.47,72.5
2026-08-30 19:01:15,強気,分散保有,312014,822053,1134067,134067,13.41,72.5
2026-08-30 19:30:55,強気,分散保有,312014,823002,1135016,135016,13.50,72.5
2026-08-30 20:01:11,強気,分散保有,312014,824680,1136694,136694,13.67,72.6
2026-08-30 20:30:58,強気,分散保有,312014,824854,1136868,136868,13.69,72.6
2026-08-30 21:01:20,強気,分散保有,312014,824244,1136258,136258,13.63,72.5
2026-08-30 21:31:02,強気,分散保有,312014,826799,1138813,138813,13.88,72.6
2026-08-30 22:01:14,強気,分散保有,312014,828940,1140954,140954,14.10,72.7
2026-08-30 22:18:33,強気,分散保有,312014,829093,1141107,141107,14.11,72.7
2026-08-30 22:31:02,強気,分散保有,312014,830359,1142373,142373,14.24,72.7
2026-08-30 23:01:12,強気,分散保有,312014,834682,1146696,146696,14.67,72.8
2026-08-30 23:31:00,強気,分散保有,312014,833634,1145647,145647,14.56,72.8
2026-08-31 00:01:15,強気,分散保有,312014,833223,1145236,145236,14.52,72.8
2026-08-31 00:31:02,強気,分散保有,312014,832506,1144519,144519,14.45,72.7
2026-08-31 01:01:13,強気,分散保有,312014,832115,1144129,144129,14.41,72.7
2026-08-31 01:31:16,強気,分散保有,312014,838003,1150017,150017,15.00,72.9
2026-08-31 02:01:16,強気,分散保有,312014,840682,1152696,152696,15.27,72.9
2026-08-31 02:31:01,強気,分散保有,312014,833271,1145284,145284,14.53,72.8
2026-08-31 02:46:37,強気,分散保有,312014,835101,1147114,147114,14.71,72.8
2026-08-31 03:01:13,強気,分散保有,312014,835066,1147079,147079,14.71,72.8
2026-08-31 03:31:00,強気,分散保有,312014,836170,1148184,148184,14.82,72.8
2026-08-31 04:01:12,強気,分散保有,312014,837259,1149272,149272,14.93,72.9
2026-08-31 04:30:56,強気,分散保有,312014,835966,1147980,147980,14.80,72.8
2026-08-31 05:01:11,強気,分散保有,312014,832868,1144882,144882,14.49,72.7
2026-08-31 05:06:04,強気,分散保有,312014,834067,1146081,146081,14.61,72.8
2026-08-31 05:31:01,強気,分散保有,312014,833021,1145035,145035,14.50,72.8
2026-08-31 06:01:19,強気,分散保有,312014,829487,1141501,141501,14.15,72.7
2026-08-31 06:31:00,強気,分散保有,312014,825003,1137016,137016,13.70,72.6
2026-08-31 07:01:18,強気,分散保有,312014,827107,1139121,139121,13.91,72.6
2026-08-31 07:31:02,強気,分散保有,312014,821987,1134001,134001,13.40,72.5
2026-08-31 07:45:48,強気,分散保有,312014,823557,1135571,135571,13.56,72.5
2026-08-31 08:01:13,強気,分散保有,312014,823600,1135614,135614,13.56,72.5
2026-08-31 08:30:58,強気,分散保有,312014,814597,1126611,126611,12.66,72.3
2026-08-31 09:31:01,強気,分散保有,312014,812274,1124288,124288,12.43,72.2
2026-08-31 09:54:17,強気,分散保有,312014,812596,1124609,124609,12.46,72.3
2026-08-31 10:01:18,強気,分散保有,312014,811786,1123799,123799,12.38,72.2
2026-08-31 10:31:12,強気,分散保有,312014,809261,1121275,121275,12.13,72.2
2026-08-31 11:01:14,強気,分散保有,312014,806833,1118847,118847,11.88,72.1
2026-08-31 11:30:55,強気,分散保有,312014,808789,1120803,120803,12.08,72.2
2026-08-31 12:01:11,強気,分散保有,312014,804722,1116736,116736,11.67,72.1
2026-08-31 12:31:03,強気,分散保有,312014,808132,1120145,120145,12.01,72.1
2026-08-31 13:01:20,強気,分散保有,312014,808979,1120993,120993,12.10,72.2
2026-08-31 13:30:59,強気,分散保有,312014,804858,1116871,116871,11.69,72.1
2026-08-31 14:01:16,強気,分散保有,312014,806712,1118726,118726,11.87,72.1
2026-08-31 14:31:01,強気,分散保有,312014,813246,1125260,125260,12.53,72.3
2026-08-31 15:01:18,強気,分散保有,312014,813363,1125376,125376,12.54,72.3
2026-08-31 15:31:01,強気,分散保有,312014,814571,1126585,126585,12.66,72.3
2026-08-31 16:01:18,強気,分散保有,312014,814367,1126380,126380,12.64,72.3
2026-08-31 16:03:10,強気,分散保有,312014,814367,1126380,126380,12.64,72.3
2026-08-31 16:31:00,強気,分散保有,312014,814880,1126894,126894,12.69,72.3
2026-08-31 17:01:12,強気,分散保有,312014,814225,1126239,126239,12.62,72.3
2026-08-31 17:31:08,強気,分散保有,312014,812414,1124428,124428,12.44,72.3
2026-08-31 18:01:15,強気,分散保有,312014,817446,1129460,129460,12.95,72.4
2026-08-31 18:31:04,強気,分散保有,312014,817980,1129994,129994,13.00,72.4
2026-08-31 19:01:18,強気,分散保有,312014,816996,1129010,129010,12.90,72.4
2026-08-31 19:31:15,強気,分散保有,312014,816335,1128348,128348,12.83,72.3
2026-08-31 20:01:16,強気,分散保有,312014,819991,1132005,132005,13.20,72.4
2026-08-31 20:31:01,強気,分散保有,312014,819126,1131140,131140,13.11,72.4
2026-08-31 21:01:19,強気,分散保有,312014,816569,1128583,128583,12.86,72.4
2026-08-31 21:31:04,強気,分散保有,312014,816849,1128862,128862,12.89,72.4
2026-08-31 22:01:20,強気,分散保有,312014,814786,1126800,126800,12.68,72.3
2026-08-31 22:31:03,強気,分散保有,312014,814355,1126369,126369,12.64,72.3
2026-08-31 23:01:19,強気,分散保有,312014,812914,1124927,124927,12.49,72.3
2026-08-31 23:31:04,強気,分散保有,312014,812052,1124066,124066,12.41,72.2
2026-09-01 00:01:23,強気,分散保有,312014,820647,1132661,132661,13.27,72.5
2026-09-01 00:07:10,強気,分散保有,312014,820107,1132121,132121,13.21,72.4
2026-09-01 00:31:07,強気,分散保有,312014,819341,1131355,131355,13.14,72.4
2026-09-01 01:01:22,強気,分散保有,312014,819066,1131079,131079,13.11,72.4
2026-09-01 01:31:12,強気,分散保有,312014,817418,1129432,129432,12.94,72.4
2026-09-01 02:01:28,強気,分散保有,312014,819845,1131859,131859,13.19,72.4
2026-09-01 02:31:07,強気,分散保有,312014,818048,1130062,130062,13.01,72.4
2026-09-01 03:01:22,強気,分散保有,312014,822910,1134924,134924,13.49,72.5
2026-09-01 03:31:04,強気,分散保有,312014,822702,1134715,134715,13.47,72.5
2026-09-01 04:01:17,強気,分散保有,312014,826609,1138623,138623,13.86,72.6
2026-09-01 04:31:04,強気,分散保有,312014,825922,1137936,137936,13.79,72.6
2026-09-01 05:01:16,強気,分散保有,312014,823812,1135825,135825,13.58,72.5
2026-09-01 05:31:07,強気,分散保有,312014,824647,1136661,136661,13.67,72.5
2026-09-01 05:50:45,強気,分散保有,312014,823285,1135299,135299,13.53,72.5
2026-09-01 06:01:22,強気,分散保有,312014,822652,1134666,134666,13.47,72.5
2026-09-01 06:31:11,強気,分散保有,312014,823172,1135186,135186,13.52,72.5
2026-09-01 07:01:21,強気,分散保有,312014,823624,1135638,135638,13.56,72.5
2026-09-01 07:31:04,強気,分散保有,312014,821289,1133303,133303,13.33,72.5
2026-09-01 08:01:18,強気,分散保有,312014,820353,1132367,132367,13.24,72.4
2026-09-01 08:31:00,強気,分散保有,312014,819839,1131853,131853,13.19,72.4
2026-09-01 09:31:01,強気,分散保有,28487,1104909,1133397,133397,13.34,97.5
2026-09-01 09:38:28,強気,分散保有,28487,1104158,1132645,132645,13.26,97.5
2026-09-01 10:01:19,強気,分散保有,28487,1103298,1131786,131786,13.18,97.5
2026-09-01 10:31:01,強気,分散保有,28487,1099709,1128197,128197,12.82,97.5
2026-09-01 11:01:13,強気,分散保有,28487,1099446,1127934,127934,12.79,97.5
2026-09-01 11:31:01,強気,分散保有,28487,1098717,1127205,127205,12.72,97.5
2026-09-01 12:01:21,強気,分散保有,28487,1100186,1128673,128673,12.87,97.5
2026-09-01 12:31:05,強気,分散保有,28487,1101098,1129586,129586,12.96,97.5
2026-09-01 13:01:17,強気,分散保有,28487,1105312,1133800,133800,13.38,97.5
2026-09-01 13:31:06,強気,分散保有,28487,1107459,1135947,135947,13.59,97.5
2026-09-01 14:02:53,強気,分散保有,28487,1104274,1132761,132761,13.28,97.5
2026-09-01 14:32:50,強気,分散保有,28487,1107642,1136129,136129,13.61,97.5
2026-09-01 14:42:00,強気,分散保有,28487,1109777,1138265,138265,13.83,97.5
2026-09-01 15:01:13,強気,分散保有,28487,1112300,1140788,140788,14.08,97.5
2026-09-01 15:30:57,強気,分散保有,28487,1107743,1136230,136230,13.62,97.5
2026-09-01 16:01:18,強気,分散保有,28487,1105735,1134223,134223,13.42,97.5
2026-09-01 16:31:02,強気,分散保有,28487,1105953,1134440,134440,13.44,97.5
2026-09-01 17:01:16,強気,分散保有,28487,1103653,1132140,132140,13.21,97.5
2026-09-01 17:31:01,強気,分散保有,28487,1095472,1123960,123960,12.40,97.5
2026-09-01 18:01:15,強気,分散保有,28487,1092166,1120653,120653,12.07,97.5
2026-09-01 18:31:03,強気,分散保有,28487,1093573,1122061,122061,12.21,97.5
2026-09-01 19:01:16,強気,分散保有,28487,1093854,1122342,122342,12.23,97.5
2026-09-01 19:29:01,強気,分散保有,28487,1096273,1124760,124760,12.48,97.5
2026-09-01 19:31:04,強気,分散保有,28487,1096229,1124717,124717,12.47,97.5
2026-09-01 20:01:16,強気,分散保有,28487,1097989,1126477,126477,12.65,97.5
2026-09-01 20:30:58,強気,分散保有,28487,1097146,1125634,125634,12.56,97.5
2026-09-01 21:01:15,強気,分散保有,28487,1099047,1127534,127534,12.75,97.5
2026-09-01 21:31:01,強気,分散保有,28487,1098689,1127177,127177,12.72,97.5
2026-09-01 22:01:24,強気,分散保有,28487,1094489,1122977,122977,12.30,97.5
2026-09-01 22:31:03,強気,分散保有,28487,1092311,1120798,120798,12.08,97.5
2026-09-01 23:01:17,強気,分散保有,28487,1094261,1122748,122748,12.27,97.5
2026-09-01 23:31:06,強気,分散保有,28487,1097800,1126287,126287,12.63,97.5
2026-09-02 00:01:17,強気,分散保有,28487,1097101,1125589,125589,12.56,97.5
2026-09-02 00:12:45,強気,分散保有,28487,1089792,1118280,118280,11.83,97.5
2026-09-02 00:31:07,強気,分散保有,28487,1092190,1120677,120677,12.07,97.5
2026-09-02 01:01:18,強気,分散保有,28487,1095993,1124481,124481,12.45,97.5
2026-09-02 01:31:04,強気,分散保有,28487,1089090,1117577,117577,11.76,97.5
2026-09-02 02:01:20,強気,分散保有,28487,1088311,1116799,116799,11.68,97.4
2026-09-02 02:31:05,強気,分散保有,28487,1088669,1117156,117156,11.72,97.5
2026-09-02 03:01:14,強気,分散保有,28487,1084819,1113307,113307,11.33,97.4
2026-09-02 03:31:11,強気,分散保有,28487,1078637,1107124,107124,10.71,97.4
2026-09-02 03:33:08,強気,分散保有,28487,1078430,1106917,106917,10.69,97.4
2026-09-02 04:01:17,強気,分散保有,28487,1078352,1106839,106839,10.68,97.4
2026-09-02 04:31:07,強気,分散保有,28487,1083730,1112218,112218,11.22,97.4
2026-09-02 05:01:18,強気,分散保有,28487,1080755,1109243,109243,10.92,97.4
2026-09-02 05:31:04,強気,分散保有,28487,1080451,1108938,108938,10.89,97.4
2026-09-02 06:01:15,強気,分散保有,28487,1081240,1109727,109727,10.97,97.4
2026-09-02 06:22:12,強気,分散保有,28487,1073370,1101858,101858,10.19,97.4
2026-09-02 06:31:03,強気,分散保有,28487,1077288,1105775,105775,10.58,97.4
2026-09-02 07:01:18,強気,分散保有,28487,1077901,1106388,106388,10.64,97.4
2026-09-02 07:31:00,強気,分散保有,28487,1076002,1104489,104489,10.45,97.4
2026-09-02 08:01:13,強気,分散保有,28487,1077265,1105753,105753,10.58,97.4
2026-09-02 08:31:00,強気,分散保有,28487,1078186,1106674,106674,10.67,97.4
2026-09-02 08:34:37,強気,分散保有,28487,1079066,1107553,107553,10.76,97.4
2026-09-02 09:01:14,強気,分散保有,0,1077210,1077210,77210,7.72,100.0
2026-09-02 09:31:00,強気,分散保有,110800,995971,1106771,106771,10.68,90.0
2026-09-02 10:01:14,強気,分散保有,110800,993467,1104267,104267,10.43,90.0
2026-09-02 10:26:17,強気,分散保有,110800,993813,1104613,104613,10.46,90.0
2026-09-02 10:30:59,強気,分散保有,110800,993027,1103827,103827,10.38,90.0
2026-09-02 11:01:16,強気,分散保有,110800,988956,1099756,99756,9.98,89.9
2026-09-02 11:31:00,強気,分散保有,110800,993535,1104335,104335,10.43,90.0
2026-09-02 12:01:14,強気,分散保有,110800,993595,1104395,104395,10.44,90.0
2026-09-02 12:30:59,強気,分散保有,110800,1000237,1111037,111037,11.10,90.0
2026-09-02 13:01:15,強気,分散保有,110800,996592,1107392,107392,10.74,90.0
2026-09-02 13:31:02,強気,分散保有,110800,994391,1105191,105191,10.52,90.0
2026-09-02 14:01:15,強気,分散保有,110800,995681,1106481,106481,10.65,90.0
2026-09-02 14:31:00,強気,分散保有,110800,997456,1108256,108256,10.83,90.0
2026-09-02 15:01:16,強気,分散保有,110800,995913,1106713,106713,10.67,90.0
2026-09-02 15:26:51,強気,分散保有,110800,992705,1103505,103505,10.35,90.0
2026-09-02 15:31:06,強気,分散保有,110800,992811,1103611,103611,10.36,90.0
2026-09-02 16:01:19,強気,分散保有,110800,993075,1103875,103875,10.39,90.0
2026-09-02 16:31:01,強気,分散保有,110800,994076,1104876,104876,10.49,90.0
2026-09-02 17:01:14,強気,分散保有,110800,993030,1103830,103830,10.38,90.0
2026-09-02 17:31:01,強気,分散保有,110800,990529,1101328,101328,10.13,89.9
2026-09-02 18:01:17,強気,分散保有,110800,983258,1094058,94058,9.41,89.9
2026-09-02 18:31:02,強気,分散保有,110800,982468,1093268,93268,9.33,89.9
2026-09-02 19:01:19,強気,分散保有,110800,980308,1091107,91107,9.11,89.8
2026-09-02 19:31:02,強気,分散保有,110800,977615,1088415,88415,8.84,89.8
2026-09-02 20:01:19,強気,分散保有,110800,976604,1087404,87404,8.74,89.8
2026-09-02 20:31:02,強気,分散保有,110800,975224,1086023,86023,8.60,89.8
2026-09-02 20:44:42,強気,分散保有,110800,978198,1088998,88998,8.90,89.8
2026-09-02 21:01:19,強気,分散保有,110800,978615,1089415,89415,8.94,89.8
2026-09-02 21:31:06,強気,分散保有,110800,982088,1092888,92888,9.29,89.9
2026-09-02 22:01:17,強気,分散保有,110800,976271,1087071,87071,8.71,89.8
2026-09-02 22:31:08,強気,分散保有,110800,976262,1087062,87062,8.71,89.8
2026-09-02 23:01:21,強気,分散保有,110800,979801,1090601,90601,9.06,89.8
2026-09-02 23:31:06,強気,分散保有,110800,982741,1093541,93541,9.35,89.9
2026-09-03 00:01:34,強気,分散保有,110800,979254,1090054,90054,9.01,89.8
2026-09-03 00:21:02,強気,分散保有,110800,975958,1086758,86758,8.68,89.8
2026-09-03 00:31:11,強気,分散保有,110800,976744,1087544,87544,8.75,89.8
2026-09-03 01:01:19,強気,分散保有,110800,979154,1089954,89954,9.00,89.8
2026-09-03 01:31:01,強気,分散保有,110800,984358,1095157,95157,9.52,89.9
2026-09-03 02:01:19,強気,分散保有,110800,979023,1089823,89823,8.98,89.8
2026-09-03 02:31:06,強気,分散保有,110800,976632,1087432,87432,8.74,89.8
2026-09-03 03:01:19,強気,分散保有,110800,981813,1092613,92613,9.26,89.9
2026-09-03 03:31:04,強気,分散保有,110800,984217,1095017,95017,9.50,89.9
2026-09-03 03:57:37,強気,分散保有,110800,983187,1093987,93987,9.40,89.9
2026-09-03 04:01:18,強気,分散保有,110800,983203,1094003,94003,9.40,89.9
2026-09-03 04:31:04,強気,分散保有,110800,983330,1094130,94130,9.41,89.9
2026-09-03 05:01:17,強気,分散保有,110800,982605,1093405,93405,9.34,89.9
2026-09-03 05:31:03,強気,分散保有,110800,984435,1095235,95235,9.52,89.9
2026-09-03 06:01:17,強気,分散保有,110800,984987,1095787,95787,9.58,89.9
2026-09-03 06:31:09,強気,分散保有,110800,982607,1093407,93407,9.34,89.9
2026-09-03 06:50:57,強気,分散保有,110800,983980,1094780,94780,9.48,89.9
2026-09-03 07:01:15,強気,分散保有,110800,983245,1094045,94045,9.40,89.9
2026-09-03 07:30:58,強気,分散保有,110800,979813,1090613,90613,9.06,89.8
2026-09-03 08:01:12,強気,分散保有,110800,980017,1090817,90817,9.08,89.8
2026-09-03 08:31:08,強気,分散保有,110800,981950,1092750,92750,9.27,89.9
2026-09-03 09:17:49,強気,分散保有,0,1093567,1093567,93567,9.36,100.0
2026-09-03 09:30:59,強気,分散保有,0,1089734,1089734,89734,8.97,100.0
2026-09-03 10:01:16,強気,分散保有,0,1088193,1088193,88193,8.82,100.0
2026-09-03 10:31:05,強気,分散保有,0,1093596,1093596,93596,9.36,100.0
2026-09-03 11:01:22,強気,分散保有,0,1093348,1093348,93348,9.33,100.0
2026-09-03 11:30:59,強気,分散保有,0,1092890,1092890,92890,9.29,100.0
2026-09-03 12:01:13,強気,分散保有,0,1098479,1098479,98479,9.85,100.0
2026-09-03 12:30:57,強気,分散保有,0,1095078,1095078,95078,9.51,100.0
2026-09-03 13:01:13,強気,分散保有,0,1093560,1093560,93560,9.36,100.0
2026-09-03 13:31:03,強気,分散保有,0,1090642,1090642,90642,9.06,100.0
2026-09-03 14:01:15,強気,分散保有,0,1094432,1094432,94432,9.44,100.0
2026-09-03 14:07:53,強気,分散保有,0,1095231,1095231,95231,9.52,100.0
2026-09-03 14:30:59,強気,分散保有,0,1083515,1083515,83515,8.35,100.0
2026-09-03 15:01:21,強気,分散保有,0,1092370,1092370,92370,9.24,100.0
2026-09-03 15:31:05,強気,分散保有,0,1091376,1091376,91376,9.14,100.0
2026-09-03 16:01:23,強気,分散保有,0,1090350,1090350,90350,9.03,100.0
2026-09-03 16:31:34,強気,分散保有,0,1088823,1088823,88823,8.88,100.0
2026-09-03 17:01:13,強気,分散保有,0,1086889,1086889,86889,8.69,100.0
2026-09-03 17:31:06,強気,分散保有,0,1089796,1089796,89796,8.98,100.0
2026-09-03 18:01:17,強気,分散保有,0,1087154,1087154,87154,8.72,100.0
2026-09-03 18:30:59,強気,分散保有,0,1085399,1085399,85399,8.54,100.0
2026-09-03 18:52:53,強気,分散保有,0,1080490,1080490,80490,8.05,100.0
2026-09-03 19:01:20,強気,分散保有,0,1080808,1080808,80808,8.08,100.0
2026-09-03 19:31:03,強気,分散保有,0,1081105,1081105,81105,8.11,100.0
2026-09-03 20:01:15,強気,分散保有,0,1081367,1081367,81367,8.14,100.0
2026-09-03 20:31:07,強気,分散保有,0,1083870,1083870,83870,8.39,100.0
2026-09-03 21:01:23,強気,分散保有,0,1085298,1085298,85298,8.53,100.0
2026-09-03 21:31:01,強気,分散保有,0,1083051,1083051,83051,8.31,100.0
2026-09-03 22:01:23,強気,分散保有,0,1090255,1090255,90255,9.03,100.0
2026-09-03 22:31:18,強気,分散保有,0,1089820,1089820,89820,8.98,100.0
2026-09-03 23:01:27,強気,分散保有,0,1092092,1092092,92092,9.21,100.0
2026-09-03 23:31:11,強気,分散保有,0,1103245,1103245,103245,10.32,100.0
2026-09-03 23:36:07,強気,分散保有,0,1106385,1106385,106385,10.64,100.0
2026-09-04 00:01:26,強気,分散保有,0,1118428,1118428,118428,11.84,100.0
2026-09-04 00:31:03,強気,分散保有,0,1125315,1125315,125315,12.53,100.0
2026-09-04 01:01:20,強気,分散保有,0,1134154,1134154,134154,13.42,100.0
2026-09-04 01:31:07,強気,分散保有,0,1124637,1124637,124637,12.46,100.0
2026-09-04 02:01:19,強気,分散保有,0,1127562,1127562,127562,12.76,100.0
2026-09-04 02:31:05,強気,分散保有,0,1127784,1127784,127784,12.78,100.0
2026-09-04 03:01:14,強気,分散保有,0,1131209,1131209,131209,13.12,100.0
2026-09-04 03:05:48,強気,分散保有,0,1131274,1131274,131274,13.13,100.0
2026-09-04 03:31:05,強気,分散保有,0,1130636,1130636,130636,13.06,100.0
2026-09-04 04:01:19,強気,分散保有,0,1134242,1134242,134242,13.42,100.0
2026-09-04 04:31:06,強気,分散保有,0,1139574,1139574,139574,13.96,100.0
2026-09-04 05:01:23,強気,分散保有,0,1138713,1138713,138713,13.87,100.0
2026-09-04 05:31:00,強気,分散保有,0,1139485,1139485,139485,13.95,100.0
2026-09-04 06:01:17,強気,分散保有,0,1137281,1137281,137281,13.73,100.0
2026-09-04 06:03:54,強気,分散保有,0,1137355,1137355,137355,13.74,100.0
2026-09-04 06:30:59,強気,分散保有,0,1138090,1138090,138090,13.81,100.0
2026-09-04 07:01:24,強気,分散保有,0,1139138,1139138,139138,13.91,100.0
2026-09-04 07:31:06,強気,分散保有,0,1133284,1133284,133284,13.33,100.0
2026-09-04 08:01:15,強気,分散保有,0,1131909,1131909,131909,13.19,100.0
2026-09-04 08:17:52,強気,分散保有,0,1131781,1131781,131781,13.18,100.0
2026-09-04 08:31:02,強気,分散保有,0,1130593,1130593,130593,13.06,100.0
2026-09-04 09:31:02,強気,分散保有,0,1128354,1128354,128354,12.84,100.0
2026-09-04 10:01:20,強気,分散保有,0,1126202,1126202,126202,12.62,100.0
2026-09-04 10:23:04,強気,分散保有,0,1127356,1127356,127356,12.74,100.0
2026-09-04 10:31:02,強気,分散保有,0,1126343,1126343,126343,12.63,100.0
2026-09-04 11:01:13,強気,分散保有,0,1127533,1127533,127533,12.75,100.0
2026-09-04 11:31:03,強気,分散保有,0,1125628,1125628,125628,12.56,100.0
2026-09-04 12:01:16,強気,分散保有,0,1128579,1128579,128579,12.86,100.0
2026-09-04 12:31:06,強気,分散保有,0,1130129,1130129,130129,13.01,100.0
2026-09-04 13:01:16,強気,分散保有,0,1131639,1131639,131639,13.16,100.0
2026-09-04 13:30:57,強気,分散保有,0,1136832,1136832,136832,13.68,100.0
2026-09-04 14:01:13,強気,分散保有,0,1133595,1133595,133595,13.36,100.0
2026-09-04 14:30:58,強気,分散保有,0,1134043,1134043,134043,13.40,100.0
2026-09-04 15:01:14,強気,分散保有,0,1131733,1131733,131733,13.17,100.0
2026-09-04 15:30:58,強気,分散保有,0,1129763,1129763,129763,12.98,100.0
2026-09-04 15:33:07,強気,分散保有,0,1128257,1128257,128257,12.83,100.0
2026-09-04 16:01:14,強気,分散保有,0,1129497,1129497,129497,12.95,100.0
2026-09-04 16:31:04,強気,分散保有,0,1131495,1131495,131495,13.15,100.0
2026-09-04 17:01:12,強気,分散保有,0,1129044,1129044,129044,12.90,100.0
2026-09-04 17:31:05,強気,分散保有,0,1132824,1132824,132824,13.28,100.0
2026-09-04 18:01:14,強気,分散保有,0,1137967,1137967,137967,13.80,100.0
2026-09-04 18:31:02,強気,分散保有,0,1135931,1135931,135931,13.59,100.0
2026-09-04 19:01:14,強気,分散保有,0,1137318,1137318,137318,13.73,100.0
2026-09-04 19:30:59,強気,分散保有,0,1131886,1131886,131886,13.19,100.0
2026-09-04 20:01:16,強気,分散保有,0,1135464,1135464,135464,13.55,100.0
2026-09-04 20:31:07,強気,分散保有,0,1137033,1137033,137033,13.70,100.0
2026-09-04 20:45:31,強気,分散保有,0,1137595,1137595,137595,13.76,100.0
2026-09-04 21:01:17,強気,分散保有,0,1135845,1135845,135845,13.58,100.0
2026-09-04 21:31:05,強気,分散保有,0,1134859,1134859,134859,13.49,100.0
2026-09-04 22:01:15,強気,分散保有,0,1102988,1102988,102988,10.30,100.0
2026-09-04 22:31:02,強気,分散保有,0,1101356,1101356,101356,10.14,100.0
2026-09-04 23:01:22,強気,分散保有,0,1104822,1104822,104822,10.48,100.0
2026-09-04 23:31:06,強気,分散保有,0,1102709,1102709,102709,10.27,100.0
2026-09-05 00:01:28,強気,分散保有,0,1096299,1096299,96299,9.63,100.0
2026-09-05 00:09:28,強気,分散保有,0,1096669,1096669,96669,9.67,100.0
2026-09-05 00:31:07,強気,分散保有,0,1102131,1102131,102131,10.21,100.0
2026-09-05 01:01:23,強気,分散保有,0,1102790,1102790,102790,10.28,100.0
2026-09-05 01:31:04,強気,分散保有,0,1104577,1104577,104577,10.46,100.0
2026-09-05 02:01:17,強気,分散保有,0,1106407,1106407,106407,10.64,100.0
2026-09-05 02:31:06,強気,分散保有,0,1103327,1103327,103327,10.33,100.0
2026-09-05 03:01:18,強気,分散保有,0,1100896,1100896,100896,10.09,100.0
2026-09-05 03:25:32,強気,分散保有,0,1102893,1102893,102893,10.29,100.0
2026-09-05 03:31:00,強気,分散保有,0,1102895,1102895,102895,10.29,100.0
2026-09-05 04:01:17,強気,分散保有,0,1104989,1104989,104989,10.50,100.0
2026-09-05 04:31:09,強気,分散保有,0,1107832,1107832,107832,10.78,100.0
2026-09-05 05:01:20,強気,分散保有,0,1106882,1106882,106882,10.69,100.0
2026-09-05 05:31:00,強気,分散保有,0,1105724,1105724,105724,10.57,100.0
2026-09-05 06:01:15,強気,分散保有,0,1105850,1105850,105850,10.58,100.0
2026-09-05 06:03:21,強気,分散保有,0,1106051,1106051,106051,10.61,100.0
2026-09-05 06:31:02,強気,分散保有,0,1106518,1106518,106518,10.65,100.0
2026-09-05 07:01:12,強気,分散保有,0,1104815,1104815,104815,10.48,100.0
2026-09-05 07:30:59,強気,分散保有,0,1105289,1105289,105289,10.53,100.0
2026-09-05 08:01:16,強気,分散保有,0,1104593,1104593,104593,10.46,100.0
2026-09-05 08:03:41,強気,分散保有,0,1104468,1104468,104468,10.45,100.0
2026-09-05 08:30:57,強気,分散保有,0,1106580,1106580,106580,10.66,100.0
2026-09-05 09:30:59,強気,分散保有,0,1105730,1105730,105730,10.57,100.0
2026-09-05 09:58:53,強気,分散保有,0,1106179,1106179,106179,10.62,100.0
2026-09-05 10:01:11,強気,分散保有,0,1105479,1105479,105479,10.55,100.0
2026-09-05 10:30:59,強気,分散保有,0,1105789,1105789,105789,10.58,100.0
2026-09-05 11:01:15,強気,分散保有,0,1105342,1105342,105342,10.53,100.0
2026-09-05 11:30:59,強気,分散保有,0,1105373,1105373,105373,10.54,100.0
2026-09-05 12:01:11,強気,分散保有,0,1105698,1105698,105698,10.57,100.0
2026-09-05 12:30:54,強気,分散保有,0,1106162,1106162,106162,10.62,100.0
2026-09-05 13:01:13,強気,分散保有,0,1105648,1105648,105648,10.56,100.0
2026-09-05 13:30:59,強気,分散保有,0,1105374,1105374,105374,10.54,100.0
2026-09-05 14:01:12,強気,分散保有,0,1107237,1107237,107237,10.72,100.0
2026-09-05 14:31:01,強気,分散保有,0,1104380,1104380,104380,10.44,100.0
2026-09-05 14:46:37,強気,分散保有,0,1105048,1105048,105048,10.50,100.0
2026-09-05 15:01:08,強気,分散保有,0,1105488,1105488,105488,10.55,100.0
2026-09-05 15:30:59,強気,分散保有,0,1106330,1106330,106330,10.63,100.0
2026-09-05 16:01:11,強気,分散保有,0,1107835,1107835,107835,10.78,100.0
2026-09-05 16:31:02,強気,分散保有,0,1111439,1111439,111439,11.14,100.0
2026-09-05 17:01:13,強気,分散保有,0,1108470,1108470,108470,10.85,100.0
2026-09-05 17:30:59,強気,分散保有,0,1107565,1107565,107565,10.76,100.0
2026-09-05 18:01:13,強気,分散保有,0,1109041,1109041,109041,10.90,100.0
2026-09-05 18:28:01,強気,分散保有,0,1110396,1110396,110396,11.04,100.0
2026-09-05 18:30:54,強気,分散保有,0,1110385,1110385,110385,11.04,100.0
2026-09-05 19:01:10,強気,分散保有,0,1109569,1109569,109569,10.96,100.0
2026-09-05 19:31:00,強気,分散保有,0,1108760,1108760,108760,10.88,100.0
2026-09-05 20:01:14,強気,分散保有,0,1111779,1111779,111779,11.18,100.0
2026-09-05 20:31:01,強気,分散保有,0,1110290,1110290,110290,11.03,100.0
2026-09-05 21:01:19,強気,分散保有,0,1111030,1111030,111030,11.10,100.0
2026-09-05 21:31:02,強気,分散保有,0,1108462,1108462,108462,10.85,100.0
2026-09-05 22:01:14,強気,分散保有,0,1115804,1115804,115804,11.58,100.0
2026-09-05 22:03:05,強気,分散保有,0,1115873,1115873,115873,11.59,100.0
2026-09-05 22:30:57,強気,分散保有,0,1116565,1116565,116565,11.66,100.0
2026-09-05 23:01:16,強気,分散保有,0,1113173,1113173,113173,11.32,100.0
2026-09-05 23:31:01,強気,分散保有,0,1114616,1114616,114616,11.46,100.0
2026-09-06 00:01:11,強気,分散保有,0,1115076,1115076,115076,11.51,100.0
2026-09-06 00:30:55,強気,分散保有,0,1114911,1114911,114911,11.49,100.0
2026-09-06 01:01:13,強気,分散保有,0,1114857,1114857,114857,11.49,100.0
2026-09-06 01:05:49,強気,分散保有,0,1115282,1115282,115282,11.53,100.0
2026-09-06 01:30:54,強気,分散保有,0,1116279,1116279,116279,11.63,100.0
2026-09-06 02:01:11,強気,分散保有,0,1119408,1119408,119408,11.94,100.0
2026-09-06 02:30:57,強気,分散保有,0,1121629,1121629,121629,12.16,100.0
2026-09-06 03:01:13,強気,分散保有,0,1123880,1123880,123880,12.39,100.0
2026-09-06 03:20:18,強気,分散保有,0,1122562,1122562,122562,12.26,100.0
2026-09-06 03:31:00,強気,分散保有,0,1122474,1122474,122474,12.25,100.0
2026-09-06 04:01:17,強気,分散保有,0,1121895,1121895,121895,12.19,100.0
2026-09-06 04:31:00,強気,分散保有,0,1121890,1121890,121890,12.19,100.0
2026-09-06 05:01:18,強気,分散保有,0,1118998,1118998,118998,11.90,100.0
2026-09-06 05:30:59,強気,分散保有,0,1118741,1118741,118741,11.87,100.0
2026-09-06 05:43:41,強気,分散保有,0,1118079,1118079,118079,11.81,100.0
2026-09-06 06:01:13,強気,分散保有,0,1118476,1118476,118476,11.85,100.0
2026-09-06 06:30:59,強気,分散保有,0,1121586,1121586,121586,12.16,100.0
2026-09-06 07:01:20,強気,分散保有,0,1122470,1122470,122470,12.25,100.0
2026-09-06 07:20:41,強気,分散保有,0,1121907,1121907,121907,12.19,100.0
2026-09-06 07:30:55,強気,分散保有,0,1119621,1119621,119621,11.96,100.0
2026-09-06 08:01:13,強気,分散保有,0,1118901,1118901,118901,11.89,100.0
2026-09-06 08:30:56,強気,分散保有,0,1118255,1118255,118255,11.83,100.0
